"Notes","Residence State","Residence State Code","Ten-Year Age Groups","Ten-Year Age Groups Code","Year","Year Code",Deaths,Population,Crude Rate
,"Arizona","04","< 1 year","1","2018","2018",0,83553,Unreliable
,"Arizona","04","< 1 year","1","2019","2019",0,81929,Unreliable
,"Arizona","04","< 1 year","1","2020","2020",0,81409,Unreliable
,"Arizona","04","< 1 year","1","2021","2021",0,76130,Unreliable
,"Arizona","04","< 1 year","1","2022","2022",0,78579,Unreliable
,"Arizona","04","< 1 year","1","2023","2023",0,78075,Unreliable
,"Arizona","04","< 1 year","1","2024 (provisional)","2024",0,78075,Unreliable
,"Arizona","04","< 1 year","1","2025 (provisional and partial)","2025",0,78075,Unreliable
,"Arizona","04","1-4 years","1-4","2018","2018",0,352383,Unreliable
,"Arizona","04","1-4 years","1-4","2019","2019",0,347859,Unreliable
,"Arizona","04","1-4 years","1-4","2020","2020",0,343346,Unreliable
,"Arizona","04","1-4 years","1-4","2021","2021",0,325726,Unreliable
,"Arizona","04","1-4 years","1-4","2022","2022",0,316427,Unreliable
,"Arizona","04","1-4 years","1-4","2023","2023",0,315456,Unreliable
,"Arizona","04","1-4 years","1-4","2024 (provisional)","2024",0,315456,Unreliable
,"Arizona","04","1-4 years","1-4","2025 (provisional and partial)","2025",0,315456,Unreliable
,"Arizona","04","5-14 years","5-14","2018","2018",0,928147,Unreliable
,"Arizona","04","5-14 years","5-14","2019","2019",0,930745,Unreliable
,"Arizona","04","5-14 years","5-14","2020","2020",0,937060,Unreliable
,"Arizona","04","5-14 years","5-14","2021","2021",0,922621,Unreliable
,"Arizona","04","5-14 years","5-14","2022","2022",0,901508,Unreliable
,"Arizona","04","5-14 years","5-14","2023","2023",0,892088,Unreliable
,"Arizona","04","5-14 years","5-14","2024 (provisional)","2024",0,892088,Unreliable
,"Arizona","04","5-14 years","5-14","2025 (provisional and partial)","2025",0,892088,Unreliable
,"Arizona","04","15-24 years","15-24","2018","2018",0,965970,Unreliable
,"Arizona","04","15-24 years","15-24","2019","2019",0,973547,Unreliable
,"Arizona","04","15-24 years","15-24","2020","2020",Suppressed,986272,Suppressed
,"Arizona","04","15-24 years","15-24","2021","2021",0,974943,Unreliable
,"Arizona","04","15-24 years","15-24","2022","2022",0,1012056,Unreliable
,"Arizona","04","15-24 years","15-24","2023","2023",0,1001814,Unreliable
,"Arizona","04","15-24 years","15-24","2024 (provisional)","2024",0,1001814,Unreliable
,"Arizona","04","15-24 years","15-24","2025 (provisional and partial)","2025",0,1001814,Unreliable
,"Arizona","04","25-34 years","25-34","2018","2018",Suppressed,985845,Suppressed
,"Arizona","04","25-34 years","25-34","2019","2019",Suppressed,1007093,Suppressed
,"Arizona","04","25-34 years","25-34","2020","2020",Suppressed,1030830,Suppressed
,"Arizona","04","25-34 years","25-34","2021","2021",Suppressed,1001092,Suppressed
,"Arizona","04","25-34 years","25-34","2022","2022",Suppressed,1018332,Suppressed
,"Arizona","04","25-34 years","25-34","2023","2023",Suppressed,1027029,Suppressed
,"Arizona","04","25-34 years","25-34","2024 (provisional)","2024",Suppressed,1027029,Suppressed
,"Arizona","04","25-34 years","25-34","2025 (provisional and partial)","2025",Suppressed,1027029,Suppressed
,"Arizona","04","35-44 years","35-44","2018","2018",16,880431,Unreliable
,"Arizona","04","35-44 years","35-44","2019","2019",12,896027,Unreliable
,"Arizona","04","35-44 years","35-44","2020","2020",Suppressed,913916,Suppressed
,"Arizona","04","35-44 years","35-44","2021","2021",13,915192,Unreliable
,"Arizona","04","35-44 years","35-44","2022","2022",14,926056,Unreliable
,"Arizona","04","35-44 years","35-44","2023","2023",12,943877,Unreliable
,"Arizona","04","35-44 years","35-44","2024 (provisional)","2024",15,943877,Unreliable
,"Arizona","04","35-44 years","35-44","2025 (provisional and partial)","2025",Suppressed,943877,Suppressed
,"Arizona","04","45-54 years","45-54","2018","2018",21,850790,2.468
,"Arizona","04","45-54 years","45-54","2019","2019",22,852090,2.582
,"Arizona","04","45-54 years","45-54","2020","2020",11,859684,Unreliable
,"Arizona","04","45-54 years","45-54","2021","2021",22,847681,2.595
,"Arizona","04","45-54 years","45-54","2022","2022",16,851890,Unreliable
,"Arizona","04","45-54 years","45-54","2023","2023",23,858908,2.678
,"Arizona","04","45-54 years","45-54","2024 (provisional)","2024",25,858908,2.911
,"Arizona","04","45-54 years","45-54","2025 (provisional and partial)","2025",13,858908,Unreliable
,"Arizona","04","55-64 years","55-64","2018","2018",36,866277,4.156
,"Arizona","04","55-64 years","55-64","2019","2019",31,880794,3.520
,"Arizona","04","55-64 years","55-64","2020","2020",44,894909,4.917
,"Arizona","04","55-64 years","55-64","2021","2021",46,879885,5.228
,"Arizona","04","55-64 years","55-64","2022","2022",46,871963,5.275
,"Arizona","04","55-64 years","55-64","2023","2023",49,879578,5.571
,"Arizona","04","55-64 years","55-64","2024 (provisional)","2024",29,879578,3.297
,"Arizona","04","55-64 years","55-64","2025 (provisional and partial)","2025",23,879578,2.615
,"Arizona","04","65-74 years","65-74","2018","2018",62,726162,8.538
,"Arizona","04","65-74 years","65-74","2019","2019",66,751699,8.780
,"Arizona","04","65-74 years","65-74","2020","2020",63,786905,8.006
,"Arizona","04","65-74 years","65-74","2021","2021",75,783000,9.579
,"Arizona","04","65-74 years","65-74","2022","2022",54,780707,6.917
,"Arizona","04","65-74 years","65-74","2023","2023",55,804936,6.833
,"Arizona","04","65-74 years","65-74","2024 (provisional)","2024",55,804936,6.833
,"Arizona","04","65-74 years","65-74","2025 (provisional and partial)","2025",45,804936,5.591
,"Arizona","04","75-84 years","75-84","2018","2018",65,389813,16.675
,"Arizona","04","75-84 years","75-84","2019","2019",65,411197,15.808
,"Arizona","04","75-84 years","75-84","2020","2020",53,434972,12.185
,"Arizona","04","75-84 years","75-84","2021","2021",47,416355,11.288
,"Arizona","04","75-84 years","75-84","2022","2022",56,452319,12.381
,"Arizona","04","75-84 years","75-84","2023","2023",62,480458,12.904
,"Arizona","04","75-84 years","75-84","2024 (provisional)","2024",81,480458,16.859
,"Arizona","04","75-84 years","75-84","2025 (provisional and partial)","2025",20,480458,4.163
,"Arizona","04","85+ years","85+","2018","2018",33,142275,23.195
,"Arizona","04","85+ years","85+","2019","2019",29,145737,19.899
,"Arizona","04","85+ years","85+","2020","2020",34,152098,22.354
,"Arizona","04","85+ years","85+","2021","2021",27,133691,20.196
,"Arizona","04","85+ years","85+","2022","2022",37,149360,24.772
,"Arizona","04","85+ years","85+","2023","2023",24,149125,16.094
,"Arizona","04","85+ years","85+","2024 (provisional)","2024",34,149125,22.800
,"Arizona","04","85+ years","85+","2025 (provisional and partial)","2025",17,149125,Unreliable
,"Arizona","04","Not Stated","NS","2018","2018",0,Not Applicable,Not Applicable
,"Arizona","04","Not Stated","NS","2019","2019",0,Not Applicable,Not Applicable
,"Arizona","04","Not Stated","NS","2020","2020",0,Not Applicable,Not Applicable
,"Arizona","04","Not Stated","NS","2021","2021",0,Not Applicable,Not Applicable
,"Arizona","04","Not Stated","NS","2022","2022",0,Not Applicable,Not Applicable
,"Arizona","04","Not Stated","NS","2023","2023",0,Not Applicable,Not Applicable
,"Arizona","04","Not Stated","NS","2024 (provisional)","2024",0,Not Applicable,Not Applicable
,"Arizona","04","Not Stated","NS","2025 (provisional and partial)","2025",0,Not Applicable,Not Applicable
,"Colorado","08","< 1 year","1","2018","2018",0,66125,Unreliable
,"Colorado","08","< 1 year","1","2019","2019",0,64561,Unreliable
,"Colorado","08","< 1 year","1","2020","2020",0,63076,Unreliable
,"Colorado","08","< 1 year","1","2021","2021",0,60341,Unreliable
,"Colorado","08","< 1 year","1","2022","2022",0,62867,Unreliable
,"Colorado","08","< 1 year","1","2023","2023",0,62168,Unreliable
,"Colorado","08","< 1 year","1","2024 (provisional)","2024",0,62168,Unreliable
,"Colorado","08","< 1 year","1","2025 (provisional and partial)","2025",0,62168,Unreliable
,"Colorado","08","1-4 years","1-4","2018","2018",0,270729,Unreliable
,"Colorado","08","1-4 years","1-4","2019","2019",0,267640,Unreliable
,"Colorado","08","1-4 years","1-4","2020","2020",0,261507,Unreliable
,"Colorado","08","1-4 years","1-4","2021","2021",0,252819,Unreliable
,"Colorado","08","1-4 years","1-4","2022","2022",0,246153,Unreliable
,"Colorado","08","1-4 years","1-4","2023","2023",0,246791,Unreliable
,"Colorado","08","1-4 years","1-4","2024 (provisional)","2024",0,246791,Unreliable
,"Colorado","08","1-4 years","1-4","2025 (provisional and partial)","2025",0,246791,Unreliable
,"Colorado","08","5-14 years","5-14","2018","2018",0,713331,Unreliable
,"Colorado","08","5-14 years","5-14","2019","2019",0,710322,Unreliable
,"Colorado","08","5-14 years","5-14","2020","2020",0,706276,Unreliable
,"Colorado","08","5-14 years","5-14","2021","2021",0,706487,Unreliable
,"Colorado","08","5-14 years","5-14","2022","2022",0,685113,Unreliable
,"Colorado","08","5-14 years","5-14","2023","2023",0,680999,Unreliable
,"Colorado","08","5-14 years","5-14","2024 (provisional)","2024",0,680999,Unreliable
,"Colorado","08","5-14 years","5-14","2025 (provisional and partial)","2025",0,680999,Unreliable
,"Colorado","08","15-24 years","15-24","2018","2018",Suppressed,741878,Suppressed
,"Colorado","08","15-24 years","15-24","2019","2019",0,743213,Unreliable
,"Colorado","08","15-24 years","15-24","2020","2020",0,746655,Unreliable
,"Colorado","08","15-24 years","15-24","2021","2021",Suppressed,751845,Suppressed
,"Colorado","08","15-24 years","15-24","2022","2022",Suppressed,775499,Suppressed
,"Colorado","08","15-24 years","15-24","2023","2023",Suppressed,765256,Suppressed
,"Colorado","08","15-24 years","15-24","2024 (provisional)","2024",0,765256,Unreliable
,"Colorado","08","15-24 years","15-24","2025 (provisional and partial)","2025",0,765256,Unreliable
,"Colorado","08","25-34 years","25-34","2018","2018",Suppressed,894422,Suppressed
,"Colorado","08","25-34 years","25-34","2019","2019",Suppressed,913354,Suppressed
,"Colorado","08","25-34 years","25-34","2020","2020",Suppressed,924010,Suppressed
,"Colorado","08","25-34 years","25-34","2021","2021",Suppressed,908724,Suppressed
,"Colorado","08","25-34 years","25-34","2022","2022",Suppressed,915481,Suppressed
,"Colorado","08","25-34 years","25-34","2023","2023",Suppressed,924103,Suppressed
,"Colorado","08","25-34 years","25-34","2024 (provisional)","2024",Suppressed,924103,Suppressed
,"Colorado","08","25-34 years","25-34","2025 (provisional and partial)","2025",0,924103,Unreliable
,"Colorado","08","35-44 years","35-44","2018","2018",Suppressed,780079,Suppressed
,"Colorado","08","35-44 years","35-44","2019","2019",Suppressed,798071,Suppressed
,"Colorado","08","35-44 years","35-44","2020","2020",Suppressed,816118,Suppressed
,"Colorado","08","35-44 years","35-44","2021","2021",Suppressed,839814,Suppressed
,"Colorado","08","35-44 years","35-44","2022","2022",Suppressed,847768,Suppressed
,"Colorado","08","35-44 years","35-44","2023","2023",Suppressed,864386,Suppressed
,"Colorado","08","35-44 years","35-44","2024 (provisional)","2024",Suppressed,864386,Suppressed
,"Colorado","08","35-44 years","35-44","2025 (provisional and partial)","2025",Suppressed,864386,Suppressed
,"Colorado","08","45-54 years","45-54","2018","2018",21,710171,2.957
,"Colorado","08","45-54 years","45-54","2019","2019",14,706150,Unreliable
,"Colorado","08","45-54 years","45-54","2020","2020",10,704945,Unreliable
,"Colorado","08","45-54 years","45-54","2021","2021",Suppressed,710167,Suppressed
,"Colorado","08","45-54 years","45-54","2022","2022",11,709151,Unreliable
,"Colorado","08","45-54 years","45-54","2023","2023",15,714267,Unreliable
,"Colorado","08","45-54 years","45-54","2024 (provisional)","2024",16,714267,Unreliable
,"Colorado","08","45-54 years","45-54","2025 (provisional and partial)","2025",Suppressed,714267,Suppressed
,"Colorado","08","55-64 years","55-64","2018","2018",25,710600,3.518
,"Colorado","08","55-64 years","55-64","2019","2019",19,713013,Unreliable
,"Colorado","08","55-64 years","55-64","2020","2020",21,708745,2.963
,"Colorado","08","55-64 years","55-64","2021","2021",19,702219,Unreliable
,"Colorado","08","55-64 years","55-64","2022","2022",25,683856,3.656
,"Colorado","08","55-64 years","55-64","2023","2023",24,676625,3.547
,"Colorado","08","55-64 years","55-64","2024 (provisional)","2024",25,676625,3.695
,"Colorado","08","55-64 years","55-64","2025 (provisional and partial)","2025",11,676625,Unreliable
,"Colorado","08","65-74 years","65-74","2018","2018",40,500798,7.987
,"Colorado","08","65-74 years","65-74","2019","2019",43,522131,8.235
,"Colorado","08","65-74 years","65-74","2020","2020",38,543363,6.993
,"Colorado","08","65-74 years","65-74","2021","2021",41,558844,7.337
,"Colorado","08","65-74 years","65-74","2022","2022",39,560039,6.964
,"Colorado","08","65-74 years","65-74","2023","2023",30,575044,5.217
,"Colorado","08","65-74 years","65-74","2024 (provisional)","2024",35,575044,6.086
,"Colorado","08","65-74 years","65-74","2025 (provisional and partial)","2025",21,575044,3.652
,"Colorado","08","75-84 years","75-84","2018","2018",34,219067,15.520
,"Colorado","08","75-84 years","75-84","2019","2019",34,230360,14.760
,"Colorado","08","75-84 years","75-84","2020","2020",33,241734,13.651
,"Colorado","08","75-84 years","75-84","2021","2021",39,239521,16.282
,"Colorado","08","75-84 years","75-84","2022","2022",29,264472,10.965
,"Colorado","08","75-84 years","75-84","2023","2023",36,281688,12.780
,"Colorado","08","75-84 years","75-84","2024 (provisional)","2024",40,281688,14.200
,"Colorado","08","75-84 years","75-84","2025 (provisional and partial)","2025",30,281688,10.650
,"Colorado","08","85+ years","85+","2018","2018",21,88364,23.765
,"Colorado","08","85+ years","85+","2019","2019",21,89921,23.354
,"Colorado","08","85+ years","85+","2020","2020",24,91290,26.290
,"Colorado","08","85+ years","85+","2021","2021",21,81288,25.834
,"Colorado","08","85+ years","85+","2022","2022",23,89527,25.691
,"Colorado","08","85+ years","85+","2023","2023",19,86283,Unreliable
,"Colorado","08","85+ years","85+","2024 (provisional)","2024",24,86283,27.815
,"Colorado","08","85+ years","85+","2025 (provisional and partial)","2025",11,86283,Unreliable
,"Colorado","08","Not Stated","NS","2018","2018",0,Not Applicable,Not Applicable
,"Colorado","08","Not Stated","NS","2019","2019",0,Not Applicable,Not Applicable
,"Colorado","08","Not Stated","NS","2020","2020",0,Not Applicable,Not Applicable
,"Colorado","08","Not Stated","NS","2021","2021",0,Not Applicable,Not Applicable
,"Colorado","08","Not Stated","NS","2022","2022",0,Not Applicable,Not Applicable
,"Colorado","08","Not Stated","NS","2023","2023",0,Not Applicable,Not Applicable
,"Colorado","08","Not Stated","NS","2024 (provisional)","2024",0,Not Applicable,Not Applicable
,"Colorado","08","Not Stated","NS","2025 (provisional and partial)","2025",0,Not Applicable,Not Applicable
,"Idaho","16","< 1 year","1","2018","2018",0,22348,Unreliable
,"Idaho","16","< 1 year","1","2019","2019",0,22106,Unreliable
,"Idaho","16","< 1 year","1","2020","2020",0,21547,Unreliable
,"Idaho","16","< 1 year","1","2021","2021",0,21203,Unreliable
,"Idaho","16","< 1 year","1","2022","2022",0,22368,Unreliable
,"Idaho","16","< 1 year","1","2023","2023",0,22331,Unreliable
,"Idaho","16","< 1 year","1","2024 (provisional)","2024",0,22331,Unreliable
,"Idaho","16","< 1 year","1","2025 (provisional and partial)","2025",0,22331,Unreliable
,"Idaho","16","1-4 years","1-4","2018","2018",0,93991,Unreliable
,"Idaho","16","1-4 years","1-4","2019","2019",0,94094,Unreliable
,"Idaho","16","1-4 years","1-4","2020","2020",0,92301,Unreliable
,"Idaho","16","1-4 years","1-4","2021","2021",0,93121,Unreliable
,"Idaho","16","1-4 years","1-4","2022","2022",0,90915,Unreliable
,"Idaho","16","1-4 years","1-4","2023","2023",0,91052,Unreliable
,"Idaho","16","1-4 years","1-4","2024 (provisional)","2024",0,91052,Unreliable
,"Idaho","16","1-4 years","1-4","2025 (provisional and partial)","2025",0,91052,Unreliable
,"Idaho","16","5-14 years","5-14","2018","2018",0,254001,Unreliable
,"Idaho","16","5-14 years","5-14","2019","2019",0,254788,Unreliable
,"Idaho","16","5-14 years","5-14","2020","2020",0,257827,Unreliable
,"Idaho","16","5-14 years","5-14","2021","2021",0,269948,Unreliable
,"Idaho","16","5-14 years","5-14","2022","2022",0,264735,Unreliable
,"Idaho","16","5-14 years","5-14","2023","2023",0,265565,Unreliable
,"Idaho","16","5-14 years","5-14","2024 (provisional)","2024",0,265565,Unreliable
,"Idaho","16","5-14 years","5-14","2025 (provisional and partial)","2025",0,265565,Unreliable
,"Idaho","16","15-24 years","15-24","2018","2018",0,239400,Unreliable
,"Idaho","16","15-24 years","15-24","2019","2019",0,241619,Unreliable
,"Idaho","16","15-24 years","15-24","2020","2020",0,247113,Unreliable
,"Idaho","16","15-24 years","15-24","2021","2021",0,258343,Unreliable
,"Idaho","16","15-24 years","15-24","2022","2022",0,281317,Unreliable
,"Idaho","16","15-24 years","15-24","2023","2023",Suppressed,282067,Suppressed
,"Idaho","16","15-24 years","15-24","2024 (provisional)","2024",0,282067,Unreliable
,"Idaho","16","15-24 years","15-24","2025 (provisional and partial)","2025",0,282067,Unreliable
,"Idaho","16","25-34 years","25-34","2018","2018",0,231382,Unreliable
,"Idaho","16","25-34 years","25-34","2019","2019",0,236490,Unreliable
,"Idaho","16","25-34 years","25-34","2020","2020",0,241578,Unreliable
,"Idaho","16","25-34 years","25-34","2021","2021",Suppressed,248864,Suppressed
,"Idaho","16","25-34 years","25-34","2022","2022",0,251203,Unreliable
,"Idaho","16","25-34 years","25-34","2023","2023",0,254531,Unreliable
,"Idaho","16","25-34 years","25-34","2024 (provisional)","2024",0,254531,Unreliable
,"Idaho","16","25-34 years","25-34","2025 (provisional and partial)","2025",0,254531,Unreliable
,"Idaho","16","35-44 years","35-44","2018","2018",Suppressed,220029,Suppressed
,"Idaho","16","35-44 years","35-44","2019","2019",Suppressed,227172,Suppressed
,"Idaho","16","35-44 years","35-44","2020","2020",Suppressed,234230,Suppressed
,"Idaho","16","35-44 years","35-44","2021","2021",Suppressed,249386,Suppressed
,"Idaho","16","35-44 years","35-44","2022","2022",Suppressed,252364,Suppressed
,"Idaho","16","35-44 years","35-44","2023","2023",Suppressed,257368,Suppressed
,"Idaho","16","35-44 years","35-44","2024 (provisional)","2024",Suppressed,257368,Suppressed
,"Idaho","16","35-44 years","35-44","2025 (provisional and partial)","2025",0,257368,Unreliable
,"Idaho","16","45-54 years","45-54","2018","2018",Suppressed,199925,Suppressed
,"Idaho","16","45-54 years","45-54","2019","2019",Suppressed,201766,Suppressed
,"Idaho","16","45-54 years","45-54","2020","2020",Suppressed,205499,Suppressed
,"Idaho","16","45-54 years","45-54","2021","2021",Suppressed,215984,Suppressed
,"Idaho","16","45-54 years","45-54","2022","2022",Suppressed,219580,Suppressed
,"Idaho","16","45-54 years","45-54","2023","2023",Suppressed,224778,Suppressed
,"Idaho","16","45-54 years","45-54","2024 (provisional)","2024",0,224778,Unreliable
,"Idaho","16","45-54 years","45-54","2025 (provisional and partial)","2025",Suppressed,224778,Suppressed
,"Idaho","16","55-64 years","55-64","2018","2018",Suppressed,214850,Suppressed
,"Idaho","16","55-64 years","55-64","2019","2019",Suppressed,218360,Suppressed
,"Idaho","16","55-64 years","55-64","2020","2020",10,220824,Unreliable
,"Idaho","16","55-64 years","55-64","2021","2021",Suppressed,228618,Suppressed
,"Idaho","16","55-64 years","55-64","2022","2022",Suppressed,226099,Suppressed
,"Idaho","16","55-64 years","55-64","2023","2023",Suppressed,225904,Suppressed
,"Idaho","16","55-64 years","55-64","2024 (provisional)","2024",10,225904,Unreliable
,"Idaho","16","55-64 years","55-64","2025 (provisional and partial)","2025",Suppressed,225904,Suppressed
,"Idaho","16","65-74 years","65-74","2018","2018",Suppressed,168241,Suppressed
,"Idaho","16","65-74 years","65-74","2019","2019",10,175866,Unreliable
,"Idaho","16","65-74 years","65-74","2020","2020",Suppressed,185942,Suppressed
,"Idaho","16","65-74 years","65-74","2021","2021",Suppressed,197346,Suppressed
,"Idaho","16","65-74 years","65-74","2022","2022",11,199485,Unreliable
,"Idaho","16","65-74 years","65-74","2023","2023",Suppressed,205013,Suppressed
,"Idaho","16","65-74 years","65-74","2024 (provisional)","2024",14,205013,Unreliable
,"Idaho","16","65-74 years","65-74","2025 (provisional and partial)","2025",Suppressed,205013,Suppressed
,"Idaho","16","75-84 years","75-84","2018","2018",12,80622,Unreliable
,"Idaho","16","75-84 years","75-84","2019","2019",Suppressed,85030,Suppressed
,"Idaho","16","75-84 years","75-84","2020","2020",Suppressed,89638,Suppressed
,"Idaho","16","75-84 years","75-84","2021","2021",14,90494,Unreliable
,"Idaho","16","75-84 years","75-84","2022","2022",Suppressed,99666,Suppressed
,"Idaho","16","75-84 years","75-84","2023","2023",Suppressed,105707,Suppressed
,"Idaho","16","75-84 years","75-84","2024 (provisional)","2024",10,105707,Unreliable
,"Idaho","16","75-84 years","75-84","2025 (provisional and partial)","2025",Suppressed,105707,Suppressed
,"Idaho","16","85+ years","85+","2018","2018",Suppressed,29419,Suppressed
,"Idaho","16","85+ years","85+","2019","2019",Suppressed,29774,Suppressed
,"Idaho","16","85+ years","85+","2020","2020",10,30414,Unreliable
,"Idaho","16","85+ years","85+","2021","2021",Suppressed,27616,Suppressed
,"Idaho","16","85+ years","85+","2022","2022",Suppressed,31301,Suppressed
,"Idaho","16","85+ years","85+","2023","2023",Suppressed,30410,Suppressed
,"Idaho","16","85+ years","85+","2024 (provisional)","2024",Suppressed,30410,Suppressed
,"Idaho","16","85+ years","85+","2025 (provisional and partial)","2025",Suppressed,30410,Suppressed
,"Idaho","16","Not Stated","NS","2018","2018",0,Not Applicable,Not Applicable
,"Idaho","16","Not Stated","NS","2019","2019",0,Not Applicable,Not Applicable
,"Idaho","16","Not Stated","NS","2020","2020",0,Not Applicable,Not Applicable
,"Idaho","16","Not Stated","NS","2021","2021",0,Not Applicable,Not Applicable
,"Idaho","16","Not Stated","NS","2022","2022",0,Not Applicable,Not Applicable
,"Idaho","16","Not Stated","NS","2023","2023",0,Not Applicable,Not Applicable
,"Idaho","16","Not Stated","NS","2024 (provisional)","2024",0,Not Applicable,Not Applicable
,"Idaho","16","Not Stated","NS","2025 (provisional and partial)","2025",0,Not Applicable,Not Applicable
,"Iowa","19","< 1 year","1","2018","2018",0,38291,Unreliable
,"Iowa","19","< 1 year","1","2019","2019",0,37540,Unreliable
,"Iowa","19","< 1 year","1","2020","2020",0,36974,Unreliable
,"Iowa","19","< 1 year","1","2021","2021",0,35621,Unreliable
,"Iowa","19","< 1 year","1","2022","2022",0,36786,Unreliable
,"Iowa","19","< 1 year","1","2023","2023",0,36766,Unreliable
,"Iowa","19","< 1 year","1","2024 (provisional)","2024",0,36766,Unreliable
,"Iowa","19","< 1 year","1","2025 (provisional and partial)","2025",0,36766,Unreliable
,"Iowa","19","1-4 years","1-4","2018","2018",0,159927,Unreliable
,"Iowa","19","1-4 years","1-4","2019","2019",0,158096,Unreliable
,"Iowa","19","1-4 years","1-4","2020","2020",0,155608,Unreliable
,"Iowa","19","1-4 years","1-4","2021","2021",0,153435,Unreliable
,"Iowa","19","1-4 years","1-4","2022","2022",0,149414,Unreliable
,"Iowa","19","1-4 years","1-4","2023","2023",0,149273,Unreliable
,"Iowa","19","1-4 years","1-4","2024 (provisional)","2024",0,149273,Unreliable
,"Iowa","19","1-4 years","1-4","2025 (provisional and partial)","2025",0,149273,Unreliable
,"Iowa","19","5-14 years","5-14","2018","2018",0,409679,Unreliable
,"Iowa","19","5-14 years","5-14","2019","2019",0,408495,Unreliable
,"Iowa","19","5-14 years","5-14","2020","2020",0,409002,Unreliable
,"Iowa","19","5-14 years","5-14","2021","2021",0,417424,Unreliable
,"Iowa","19","5-14 years","5-14","2022","2022",0,408072,Unreliable
,"Iowa","19","5-14 years","5-14","2023","2023",0,409598,Unreliable
,"Iowa","19","5-14 years","5-14","2024 (provisional)","2024",0,409598,Unreliable
,"Iowa","19","5-14 years","5-14","2025 (provisional and partial)","2025",0,409598,Unreliable
,"Iowa","19","15-24 years","15-24","2018","2018",Suppressed,441900,Suppressed
,"Iowa","19","15-24 years","15-24","2019","2019",0,436415,Unreliable
,"Iowa","19","15-24 years","15-24","2020","2020",0,437831,Unreliable
,"Iowa","19","15-24 years","15-24","2021","2021",0,446098,Unreliable
,"Iowa","19","15-24 years","15-24","2022","2022",0,458710,Unreliable
,"Iowa","19","15-24 years","15-24","2023","2023",Suppressed,453609,Suppressed
,"Iowa","19","15-24 years","15-24","2024 (provisional)","2024",0,453609,Unreliable
,"Iowa","19","15-24 years","15-24","2025 (provisional and partial)","2025",0,453609,Unreliable
,"Iowa","19","25-34 years","25-34","2018","2018",Suppressed,397715,Suppressed
,"Iowa","19","25-34 years","25-34","2019","2019",Suppressed,398150,Suppressed
,"Iowa","19","25-34 years","25-34","2020","2020",Suppressed,398796,Suppressed
,"Iowa","19","25-34 years","25-34","2021","2021",Suppressed,397565,Suppressed
,"Iowa","19","25-34 years","25-34","2022","2022",0,398236,Unreliable
,"Iowa","19","25-34 years","25-34","2023","2023",Suppressed,400063,Suppressed
,"Iowa","19","25-34 years","25-34","2024 (provisional)","2024",0,400063,Unreliable
,"Iowa","19","25-34 years","25-34","2025 (provisional and partial)","2025",0,400063,Unreliable
,"Iowa","19","35-44 years","35-44","2018","2018",Suppressed,379935,Suppressed
,"Iowa","19","35-44 years","35-44","2019","2019",Suppressed,385215,Suppressed
,"Iowa","19","35-44 years","35-44","2020","2020",Suppressed,390589,Suppressed
,"Iowa","19","35-44 years","35-44","2021","2021",Suppressed,403510,Suppressed
,"Iowa","19","35-44 years","35-44","2022","2022",Suppressed,402238,Suppressed
,"Iowa","19","35-44 years","35-44","2023","2023",Suppressed,404474,Suppressed
,"Iowa","19","35-44 years","35-44","2024 (provisional)","2024",Suppressed,404474,Suppressed
,"Iowa","19","35-44 years","35-44","2025 (provisional and partial)","2025",Suppressed,404474,Suppressed
,"Iowa","19","45-54 years","45-54","2018","2018",Suppressed,371331,Suppressed
,"Iowa","19","45-54 years","45-54","2019","2019",Suppressed,362509,Suppressed
,"Iowa","19","45-54 years","45-54","2020","2020",Suppressed,357591,Suppressed
,"Iowa","19","45-54 years","45-54","2021","2021",Suppressed,361963,Suppressed
,"Iowa","19","45-54 years","45-54","2022","2022",Suppressed,359453,Suppressed
,"Iowa","19","45-54 years","45-54","2023","2023",Suppressed,361790,Suppressed
,"Iowa","19","45-54 years","45-54","2024 (provisional)","2024",Suppressed,361790,Suppressed
,"Iowa","19","45-54 years","45-54","2025 (provisional and partial)","2025",Suppressed,361790,Suppressed
,"Iowa","19","55-64 years","55-64","2018","2018",12,417537,Unreliable
,"Iowa","19","55-64 years","55-64","2019","2019",15,415696,Unreliable
,"Iowa","19","55-64 years","55-64","2020","2020",12,411034,Unreliable
,"Iowa","19","55-64 years","55-64","2021","2021",10,412190,Unreliable
,"Iowa","19","55-64 years","55-64","2022","2022",17,401578,Unreliable
,"Iowa","19","55-64 years","55-64","2023","2023",20,395594,5.056
,"Iowa","19","55-64 years","55-64","2024 (provisional)","2024",12,395594,Unreliable
,"Iowa","19","55-64 years","55-64","2025 (provisional and partial)","2025",Suppressed,395594,Suppressed
,"Iowa","19","65-74 years","65-74","2018","2018",26,300873,8.642
,"Iowa","19","65-74 years","65-74","2019","2019",26,311447,8.348
,"Iowa","19","65-74 years","65-74","2020","2020",23,323349,7.113
,"Iowa","19","65-74 years","65-74","2021","2021",10,336104,Unreliable
,"Iowa","19","65-74 years","65-74","2022","2022",18,337487,Unreliable
,"Iowa","19","65-74 years","65-74","2023","2023",15,345975,Unreliable
,"Iowa","19","65-74 years","65-74","2024 (provisional)","2024",29,345975,8.382
,"Iowa","19","65-74 years","65-74","2025 (provisional and partial)","2025",14,345975,Unreliable
,"Iowa","19","75-84 years","75-84","2018","2018",17,159866,Unreliable
,"Iowa","19","75-84 years","75-84","2019","2019",16,162833,Unreliable
,"Iowa","19","75-84 years","75-84","2020","2020",21,164692,12.751
,"Iowa","19","75-84 years","75-84","2021","2021",20,159823,12.514
,"Iowa","19","75-84 years","75-84","2022","2022",16,172281,Unreliable
,"Iowa","19","75-84 years","75-84","2023","2023",26,178377,14.576
,"Iowa","19","75-84 years","75-84","2024 (provisional)","2024",17,178377,Unreliable
,"Iowa","19","75-84 years","75-84","2025 (provisional and partial)","2025",13,178377,Unreliable
,"Iowa","19","85+ years","85+","2018","2018",15,79091,Unreliable
,"Iowa","19","85+ years","85+","2019","2019",10,78674,Unreliable
,"Iowa","19","85+ years","85+","2020","2020",11,78095,Unreliable
,"Iowa","19","85+ years","85+","2021","2021",12,69346,Unreliable
,"Iowa","19","85+ years","85+","2022","2022",11,76262,Unreliable
,"Iowa","19","85+ years","85+","2023","2023",Suppressed,71485,Suppressed
,"Iowa","19","85+ years","85+","2024 (provisional)","2024",Suppressed,71485,Suppressed
,"Iowa","19","85+ years","85+","2025 (provisional and partial)","2025",Suppressed,71485,Suppressed
,"Iowa","19","Not Stated","NS","2018","2018",0,Not Applicable,Not Applicable
,"Iowa","19","Not Stated","NS","2019","2019",0,Not Applicable,Not Applicable
,"Iowa","19","Not Stated","NS","2020","2020",0,Not Applicable,Not Applicable
,"Iowa","19","Not Stated","NS","2021","2021",0,Not Applicable,Not Applicable
,"Iowa","19","Not Stated","NS","2022","2022",0,Not Applicable,Not Applicable
,"Iowa","19","Not Stated","NS","2023","2023",0,Not Applicable,Not Applicable
,"Iowa","19","Not Stated","NS","2024 (provisional)","2024",0,Not Applicable,Not Applicable
,"Iowa","19","Not Stated","NS","2025 (provisional and partial)","2025",0,Not Applicable,Not Applicable
,"Kansas","20","< 1 year","1","2018","2018",0,36439,Unreliable
,"Kansas","20","< 1 year","1","2019","2019",0,35325,Unreliable
,"Kansas","20","< 1 year","1","2020","2020",0,35281,Unreliable
,"Kansas","20","< 1 year","1","2021","2021",0,33442,Unreliable
,"Kansas","20","< 1 year","1","2022","2022",0,34772,Unreliable
,"Kansas","20","< 1 year","1","2023","2023",0,34590,Unreliable
,"Kansas","20","< 1 year","1","2024 (provisional)","2024",0,34590,Unreliable
,"Kansas","20","< 1 year","1","2025 (provisional and partial)","2025",0,34590,Unreliable
,"Kansas","20","1-4 years","1-4","2018","2018",0,152896,Unreliable
,"Kansas","20","1-4 years","1-4","2019","2019",0,150006,Unreliable
,"Kansas","20","1-4 years","1-4","2020","2020",0,147823,Unreliable
,"Kansas","20","1-4 years","1-4","2021","2021",0,144705,Unreliable
,"Kansas","20","1-4 years","1-4","2022","2022",0,140670,Unreliable
,"Kansas","20","1-4 years","1-4","2023","2023",0,140398,Unreliable
,"Kansas","20","1-4 years","1-4","2024 (provisional)","2024",0,140398,Unreliable
,"Kansas","20","1-4 years","1-4","2025 (provisional and partial)","2025",0,140398,Unreliable
,"Kansas","20","5-14 years","5-14","2018","2018",0,398067,Unreliable
,"Kansas","20","5-14 years","5-14","2019","2019",0,396266,Unreliable
,"Kansas","20","5-14 years","5-14","2020","2020",0,394315,Unreliable
,"Kansas","20","5-14 years","5-14","2021","2021",0,401276,Unreliable
,"Kansas","20","5-14 years","5-14","2022","2022",0,392051,Unreliable
,"Kansas","20","5-14 years","5-14","2023","2023",0,392566,Unreliable
,"Kansas","20","5-14 years","5-14","2024 (provisional)","2024",0,392566,Unreliable
,"Kansas","20","5-14 years","5-14","2025 (provisional and partial)","2025",0,392566,Unreliable
,"Kansas","20","15-24 years","15-24","2018","2018",Suppressed,413294,Suppressed
,"Kansas","20","15-24 years","15-24","2019","2019",0,412813,Unreliable
,"Kansas","20","15-24 years","15-24","2020","2020",0,411069,Unreliable
,"Kansas","20","15-24 years","15-24","2021","2021",0,417462,Unreliable
,"Kansas","20","15-24 years","15-24","2022","2022",0,430860,Unreliable
,"Kansas","20","15-24 years","15-24","2023","2023",0,426443,Unreliable
,"Kansas","20","15-24 years","15-24","2024 (provisional)","2024",0,426443,Unreliable
,"Kansas","20","15-24 years","15-24","2025 (provisional and partial)","2025",0,426443,Unreliable
,"Kansas","20","25-34 years","25-34","2018","2018",Suppressed,382884,Suppressed
,"Kansas","20","25-34 years","25-34","2019","2019",Suppressed,382922,Suppressed
,"Kansas","20","25-34 years","25-34","2020","2020",Suppressed,381528,Suppressed
,"Kansas","20","25-34 years","25-34","2021","2021",Suppressed,377898,Suppressed
,"Kansas","20","25-34 years","25-34","2022","2022",0,376350,Unreliable
,"Kansas","20","25-34 years","25-34","2023","2023",0,376652,Unreliable
,"Kansas","20","25-34 years","25-34","2024 (provisional)","2024",Suppressed,376652,Suppressed
,"Kansas","20","25-34 years","25-34","2025 (provisional and partial)","2025",0,376652,Unreliable
,"Kansas","20","35-44 years","35-44","2018","2018",Suppressed,356322,Suppressed
,"Kansas","20","35-44 years","35-44","2019","2019",0,361029,Unreliable
,"Kansas","20","35-44 years","35-44","2020","2020",Suppressed,365011,Suppressed
,"Kansas","20","35-44 years","35-44","2021","2021",Suppressed,376302,Suppressed
,"Kansas","20","35-44 years","35-44","2022","2022",Suppressed,376397,Suppressed
,"Kansas","20","35-44 years","35-44","2023","2023",0,379479,Unreliable
,"Kansas","20","35-44 years","35-44","2024 (provisional)","2024",Suppressed,379479,Suppressed
,"Kansas","20","35-44 years","35-44","2025 (provisional and partial)","2025",Suppressed,379479,Suppressed
,"Kansas","20","45-54 years","45-54","2018","2018",Suppressed,335937,Suppressed
,"Kansas","20","45-54 years","45-54","2019","2019",12,327961,Unreliable
,"Kansas","20","45-54 years","45-54","2020","2020",Suppressed,323727,Suppressed
,"Kansas","20","45-54 years","45-54","2021","2021",Suppressed,327806,Suppressed
,"Kansas","20","45-54 years","45-54","2022","2022",Suppressed,327300,Suppressed
,"Kansas","20","45-54 years","45-54","2023","2023",Suppressed,329515,Suppressed
,"Kansas","20","45-54 years","45-54","2024 (provisional)","2024",12,329515,Unreliable
,"Kansas","20","45-54 years","45-54","2025 (provisional and partial)","2025",Suppressed,329515,Suppressed
,"Kansas","20","55-64 years","55-64","2018","2018",19,373425,Unreliable
,"Kansas","20","55-64 years","55-64","2019","2019",17,371505,Unreliable
,"Kansas","20","55-64 years","55-64","2020","2020",15,366735,Unreliable
,"Kansas","20","55-64 years","55-64","2021","2021",17,366053,Unreliable
,"Kansas","20","55-64 years","55-64","2022","2022",20,354733,5.638
,"Kansas","20","55-64 years","55-64","2023","2023",11,347509,Unreliable
,"Kansas","20","55-64 years","55-64","2024 (provisional)","2024",20,347509,5.755
,"Kansas","20","55-64 years","55-64","2025 (provisional and partial)","2025",Suppressed,347509,Suppressed
,"Kansas","20","65-74 years","65-74","2018","2018",30,262857,11.413
,"Kansas","20","65-74 years","65-74","2019","2019",21,272236,7.714
,"Kansas","20","65-74 years","65-74","2020","2020",21,282458,7.435
,"Kansas","20","65-74 years","65-74","2021","2021",23,294178,7.818
,"Kansas","20","65-74 years","65-74","2022","2022",29,295510,9.814
,"Kansas","20","65-74 years","65-74","2023","2023",30,302607,9.914
,"Kansas","20","65-74 years","65-74","2024 (provisional)","2024",22,302607,7.270
,"Kansas","20","65-74 years","65-74","2025 (provisional and partial)","2025",14,302607,Unreliable
,"Kansas","20","75-84 years","75-84","2018","2018",18,133848,Unreliable
,"Kansas","20","75-84 years","75-84","2019","2019",16,137573,Unreliable
,"Kansas","20","75-84 years","75-84","2020","2020",11,140371,Unreliable
,"Kansas","20","75-84 years","75-84","2021","2021",27,137320,19.662
,"Kansas","20","75-84 years","75-84","2022","2022",21,147510,14.236
,"Kansas","20","75-84 years","75-84","2023","2023",21,153245,13.704
,"Kansas","20","75-84 years","75-84","2024 (provisional)","2024",28,153245,18.271
,"Kansas","20","75-84 years","75-84","2025 (provisional and partial)","2025",Suppressed,153245,Suppressed
,"Kansas","20","85+ years","85+","2018","2018",12,65536,Unreliable
,"Kansas","20","85+ years","85+","2019","2019",18,65678,Unreliable
,"Kansas","20","85+ years","85+","2020","2020",10,65487,Unreliable
,"Kansas","20","85+ years","85+","2021","2021",Suppressed,58140,Suppressed
,"Kansas","20","85+ years","85+","2022","2022",11,60997,Unreliable
,"Kansas","20","85+ years","85+","2023","2023",12,57542,Unreliable
,"Kansas","20","85+ years","85+","2024 (provisional)","2024",13,57542,Unreliable
,"Kansas","20","85+ years","85+","2025 (provisional and partial)","2025",Suppressed,57542,Suppressed
,"Kansas","20","Not Stated","NS","2018","2018",0,Not Applicable,Not Applicable
,"Kansas","20","Not Stated","NS","2019","2019",0,Not Applicable,Not Applicable
,"Kansas","20","Not Stated","NS","2020","2020",0,Not Applicable,Not Applicable
,"Kansas","20","Not Stated","NS","2021","2021",0,Not Applicable,Not Applicable
,"Kansas","20","Not Stated","NS","2022","2022",0,Not Applicable,Not Applicable
,"Kansas","20","Not Stated","NS","2023","2023",0,Not Applicable,Not Applicable
,"Kansas","20","Not Stated","NS","2024 (provisional)","2024",0,Not Applicable,Not Applicable
,"Kansas","20","Not Stated","NS","2025 (provisional and partial)","2025",0,Not Applicable,Not Applicable
,"Minnesota","27","< 1 year","1","2018","2018",0,68566,Unreliable
,"Minnesota","27","< 1 year","1","2019","2019",0,67629,Unreliable
,"Minnesota","27","< 1 year","1","2020","2020",0,66390,Unreliable
,"Minnesota","27","< 1 year","1","2021","2021",0,62897,Unreliable
,"Minnesota","27","< 1 year","1","2022","2022",0,64755,Unreliable
,"Minnesota","27","< 1 year","1","2023","2023",0,63637,Unreliable
,"Minnesota","27","< 1 year","1","2024 (provisional)","2024",0,63637,Unreliable
,"Minnesota","27","< 1 year","1","2025 (provisional and partial)","2025",0,63637,Unreliable
,"Minnesota","27","1-4 years","1-4","2018","2018",0,286725,Unreliable
,"Minnesota","27","1-4 years","1-4","2019","2019",0,283993,Unreliable
,"Minnesota","27","1-4 years","1-4","2020","2020",0,279601,Unreliable
,"Minnesota","27","1-4 years","1-4","2021","2021",0,274607,Unreliable
,"Minnesota","27","1-4 years","1-4","2022","2022",0,265371,Unreliable
,"Minnesota","27","1-4 years","1-4","2023","2023",0,264793,Unreliable
,"Minnesota","27","1-4 years","1-4","2024 (provisional)","2024",0,264793,Unreliable
,"Minnesota","27","1-4 years","1-4","2025 (provisional and partial)","2025",0,264793,Unreliable
,"Minnesota","27","5-14 years","5-14","2018","2018",0,731086,Unreliable
,"Minnesota","27","5-14 years","5-14","2019","2019",0,732593,Unreliable
,"Minnesota","27","5-14 years","5-14","2020","2020",0,733099,Unreliable
,"Minnesota","27","5-14 years","5-14","2021","2021",0,749015,Unreliable
,"Minnesota","27","5-14 years","5-14","2022","2022",0,733444,Unreliable
,"Minnesota","27","5-14 years","5-14","2023","2023",0,735858,Unreliable
,"Minnesota","27","5-14 years","5-14","2024 (provisional)","2024",0,735858,Unreliable
,"Minnesota","27","5-14 years","5-14","2025 (provisional and partial)","2025",0,735858,Unreliable
,"Minnesota","27","15-24 years","15-24","2018","2018",0,717874,Unreliable
,"Minnesota","27","15-24 years","15-24","2019","2019",0,717060,Unreliable
,"Minnesota","27","15-24 years","15-24","2020","2020",0,715966,Unreliable
,"Minnesota","27","15-24 years","15-24","2021","2021",0,728577,Unreliable
,"Minnesota","27","15-24 years","15-24","2022","2022",0,745332,Unreliable
,"Minnesota","27","15-24 years","15-24","2023","2023",0,743439,Unreliable
,"Minnesota","27","15-24 years","15-24","2024 (provisional)","2024",0,743439,Unreliable
,"Minnesota","27","15-24 years","15-24","2025 (provisional and partial)","2025",0,743439,Unreliable
,"Minnesota","27","25-34 years","25-34","2018","2018",0,760925,Unreliable
,"Minnesota","27","25-34 years","25-34","2019","2019",0,762616,Unreliable
,"Minnesota","27","25-34 years","25-34","2020","2020",Suppressed,760397,Suppressed
,"Minnesota","27","25-34 years","25-34","2021","2021",0,748317,Unreliable
,"Minnesota","27","25-34 years","25-34","2022","2022",Suppressed,740688,Suppressed
,"Minnesota","27","25-34 years","25-34","2023","2023",0,738130,Unreliable
,"Minnesota","27","25-34 years","25-34","2024 (provisional)","2024",Suppressed,738130,Suppressed
,"Minnesota","27","25-34 years","25-34","2025 (provisional and partial)","2025",Suppressed,738130,Suppressed
,"Minnesota","27","35-44 years","35-44","2018","2018",Suppressed,710265,Suppressed
,"Minnesota","27","35-44 years","35-44","2019","2019",Suppressed,725577,Suppressed
,"Minnesota","27","35-44 years","35-44","2020","2020",Suppressed,739952,Suppressed
,"Minnesota","27","35-44 years","35-44","2021","2021",Suppressed,767158,Suppressed
,"Minnesota","27","35-44 years","35-44","2022","2022",Suppressed,771968,Suppressed
,"Minnesota","27","35-44 years","35-44","2023","2023",Suppressed,781476,Suppressed
,"Minnesota","27","35-44 years","35-44","2024 (provisional)","2024",Suppressed,781476,Suppressed
,"Minnesota","27","35-44 years","35-44","2025 (provisional and partial)","2025",Suppressed,781476,Suppressed
,"Minnesota","27","45-54 years","45-54","2018","2018",12,691491,Unreliable
,"Minnesota","27","45-54 years","45-54","2019","2019",10,673361,Unreliable
,"Minnesota","27","45-54 years","45-54","2020","2020",12,660824,Unreliable
,"Minnesota","27","45-54 years","45-54","2021","2021",Suppressed,665021,Suppressed
,"Minnesota","27","45-54 years","45-54","2022","2022",19,659534,Unreliable
,"Minnesota","27","45-54 years","45-54","2023","2023",15,661837,Unreliable
,"Minnesota","27","45-54 years","45-54","2024 (provisional)","2024",14,661837,Unreliable
,"Minnesota","27","45-54 years","45-54","2025 (provisional and partial)","2025",Suppressed,661837,Suppressed
,"Minnesota","27","55-64 years","55-64","2018","2018",33,754445,4.374
,"Minnesota","27","55-64 years","55-64","2019","2019",34,756421,4.495
,"Minnesota","27","55-64 years","55-64","2020","2020",39,752272,5.184
,"Minnesota","27","55-64 years","55-64","2021","2021",41,756115,5.422
,"Minnesota","27","55-64 years","55-64","2022","2022",25,738560,3.385
,"Minnesota","27","55-64 years","55-64","2023","2023",28,725498,3.859
,"Minnesota","27","55-64 years","55-64","2024 (provisional)","2024",45,725498,6.203
,"Minnesota","27","55-64 years","55-64","2025 (provisional and partial)","2025",15,725498,Unreliable
,"Minnesota","27","65-74 years","65-74","2018","2018",27,510180,5.292
,"Minnesota","27","65-74 years","65-74","2019","2019",47,531059,8.850
,"Minnesota","27","65-74 years","65-74","2020","2020",45,552208,8.149
,"Minnesota","27","65-74 years","65-74","2021","2021",42,577187,7.277
,"Minnesota","27","65-74 years","65-74","2022","2022",44,584717,7.525
,"Minnesota","27","65-74 years","65-74","2023","2023",52,603143,8.622
,"Minnesota","27","65-74 years","65-74","2024 (provisional)","2024",57,603143,9.450
,"Minnesota","27","65-74 years","65-74","2025 (provisional and partial)","2025",34,603143,5.637
,"Minnesota","27","75-84 years","75-84","2018","2018",31,257938,12.018
,"Minnesota","27","75-84 years","75-84","2019","2019",46,266713,17.247
,"Minnesota","27","75-84 years","75-84","2020","2020",38,273886,13.874
,"Minnesota","27","75-84 years","75-84","2021","2021",40,268593,14.892
,"Minnesota","27","75-84 years","75-84","2022","2022",37,290847,12.721
,"Minnesota","27","75-84 years","75-84","2023","2023",42,303991,13.816
,"Minnesota","27","75-84 years","75-84","2024 (provisional)","2024",49,303991,16.119
,"Minnesota","27","75-84 years","75-84","2025 (provisional and partial)","2025",28,303991,9.211
,"Minnesota","27","85+ years","85+","2018","2018",23,121684,18.901
,"Minnesota","27","85+ years","85+","2019","2019",36,122610,29.361
,"Minnesota","27","85+ years","85+","2020","2020",25,122747,20.367
,"Minnesota","27","85+ years","85+","2021","2021",25,109903,22.747
,"Minnesota","27","85+ years","85+","2022","2022",22,121968,18.038
,"Minnesota","27","85+ years","85+","2023","2023",23,116113,19.808
,"Minnesota","27","85+ years","85+","2024 (provisional)","2024",25,116113,21.531
,"Minnesota","27","85+ years","85+","2025 (provisional and partial)","2025",Suppressed,116113,Suppressed
,"Minnesota","27","Not Stated","NS","2018","2018",0,Not Applicable,Not Applicable
,"Minnesota","27","Not Stated","NS","2019","2019",0,Not Applicable,Not Applicable
,"Minnesota","27","Not Stated","NS","2020","2020",0,Not Applicable,Not Applicable
,"Minnesota","27","Not Stated","NS","2021","2021",0,Not Applicable,Not Applicable
,"Minnesota","27","Not Stated","NS","2022","2022",0,Not Applicable,Not Applicable
,"Minnesota","27","Not Stated","NS","2023","2023",0,Not Applicable,Not Applicable
,"Minnesota","27","Not Stated","NS","2024 (provisional)","2024",0,Not Applicable,Not Applicable
,"Minnesota","27","Not Stated","NS","2025 (provisional and partial)","2025",0,Not Applicable,Not Applicable
,"Montana","30","< 1 year","1","2018","2018",0,12099,Unreliable
,"Montana","30","< 1 year","1","2019","2019",0,11659,Unreliable
,"Montana","30","< 1 year","1","2020","2020",0,11365,Unreliable
,"Montana","30","< 1 year","1","2021","2021",0,10555,Unreliable
,"Montana","30","< 1 year","1","2022","2022",0,11201,Unreliable
,"Montana","30","< 1 year","1","2023","2023",0,11266,Unreliable
,"Montana","30","< 1 year","1","2024 (provisional)","2024",0,11266,Unreliable
,"Montana","30","< 1 year","1","2025 (provisional and partial)","2025",0,11266,Unreliable
,"Montana","30","1-4 years","1-4","2018","2018",0,50437,Unreliable
,"Montana","30","1-4 years","1-4","2019","2019",0,49497,Unreliable
,"Montana","30","1-4 years","1-4","2020","2020",0,48549,Unreliable
,"Montana","30","1-4 years","1-4","2021","2021",0,47696,Unreliable
,"Montana","30","1-4 years","1-4","2022","2022",0,46445,Unreliable
,"Montana","30","1-4 years","1-4","2023","2023",0,46308,Unreliable
,"Montana","30","1-4 years","1-4","2024 (provisional)","2024",0,46308,Unreliable
,"Montana","30","1-4 years","1-4","2025 (provisional and partial)","2025",0,46308,Unreliable
,"Montana","30","5-14 years","5-14","2018","2018",0,128807,Unreliable
,"Montana","30","5-14 years","5-14","2019","2019",0,129305,Unreliable
,"Montana","30","5-14 years","5-14","2020","2020",0,130869,Unreliable
,"Montana","30","5-14 years","5-14","2021","2021",0,135481,Unreliable
,"Montana","30","5-14 years","5-14","2022","2022",0,134082,Unreliable
,"Montana","30","5-14 years","5-14","2023","2023",0,134485,Unreliable
,"Montana","30","5-14 years","5-14","2024 (provisional)","2024",0,134485,Unreliable
,"Montana","30","5-14 years","5-14","2025 (provisional and partial)","2025",0,134485,Unreliable
,"Montana","30","15-24 years","15-24","2018","2018",0,136536,Unreliable
,"Montana","30","15-24 years","15-24","2019","2019",0,135891,Unreliable
,"Montana","30","15-24 years","15-24","2020","2020",0,136889,Unreliable
,"Montana","30","15-24 years","15-24","2021","2021",0,141195,Unreliable
,"Montana","30","15-24 years","15-24","2022","2022",0,147073,Unreliable
,"Montana","30","15-24 years","15-24","2023","2023",0,145629,Unreliable
,"Montana","30","15-24 years","15-24","2024 (provisional)","2024",0,145629,Unreliable
,"Montana","30","15-24 years","15-24","2025 (provisional and partial)","2025",0,145629,Unreliable
,"Montana","30","25-34 years","25-34","2018","2018",Suppressed,137463,Suppressed
,"Montana","30","25-34 years","25-34","2019","2019",0,138386,Unreliable
,"Montana","30","25-34 years","25-34","2020","2020",Suppressed,140617,Suppressed
,"Montana","30","25-34 years","25-34","2021","2021",0,143355,Unreliable
,"Montana","30","25-34 years","25-34","2022","2022",0,146861,Unreliable
,"Montana","30","25-34 years","25-34","2023","2023",Suppressed,148147,Suppressed
,"Montana","30","25-34 years","25-34","2024 (provisional)","2024",0,148147,Unreliable
,"Montana","30","25-34 years","25-34","2025 (provisional and partial)","2025",0,148147,Unreliable
,"Montana","30","35-44 years","35-44","2018","2018",0,126396,Unreliable
,"Montana","30","35-44 years","35-44","2019","2019",Suppressed,129795,Suppressed
,"Montana","30","35-44 years","35-44","2020","2020",Suppressed,133684,Suppressed
,"Montana","30","35-44 years","35-44","2021","2021",Suppressed,140558,Suppressed
,"Montana","30","35-44 years","35-44","2022","2022",0,144219,Unreliable
,"Montana","30","35-44 years","35-44","2023","2023",Suppressed,147330,Suppressed
,"Montana","30","35-44 years","35-44","2024 (provisional)","2024",0,147330,Unreliable
,"Montana","30","35-44 years","35-44","2025 (provisional and partial)","2025",Suppressed,147330,Suppressed
,"Montana","30","45-54 years","45-54","2018","2018",Suppressed,120278,Suppressed
,"Montana","30","45-54 years","45-54","2019","2019",0,117800,Unreliable
,"Montana","30","45-54 years","45-54","2020","2020",0,117092,Unreliable
,"Montana","30","45-54 years","45-54","2021","2021",Suppressed,120739,Suppressed
,"Montana","30","45-54 years","45-54","2022","2022",Suppressed,123294,Suppressed
,"Montana","30","45-54 years","45-54","2023","2023",Suppressed,126083,Suppressed
,"Montana","30","45-54 years","45-54","2024 (provisional)","2024",Suppressed,126083,Suppressed
,"Montana","30","45-54 years","45-54","2025 (provisional and partial)","2025",Suppressed,126083,Suppressed
,"Montana","30","55-64 years","55-64","2018","2018",Suppressed,151387,Suppressed
,"Montana","30","55-64 years","55-64","2019","2019",Suppressed,150008,Suppressed
,"Montana","30","55-64 years","55-64","2020","2020",11,148120,Unreliable
,"Montana","30","55-64 years","55-64","2021","2021",Suppressed,148269,Suppressed
,"Montana","30","55-64 years","55-64","2022","2022",Suppressed,144566,Suppressed
,"Montana","30","55-64 years","55-64","2023","2023",Suppressed,141580,Suppressed
,"Montana","30","55-64 years","55-64","2024 (provisional)","2024",Suppressed,141580,Suppressed
,"Montana","30","55-64 years","55-64","2025 (provisional and partial)","2025",Suppressed,141580,Suppressed
,"Montana","30","65-74 years","65-74","2018","2018",Suppressed,119583,Suppressed
,"Montana","30","65-74 years","65-74","2019","2019",10,124631,Unreliable
,"Montana","30","65-74 years","65-74","2020","2020",0,129574,Unreliable
,"Montana","30","65-74 years","65-74","2021","2021",10,135439,Unreliable
,"Montana","30","65-74 years","65-74","2022","2022",Suppressed,136767,Suppressed
,"Montana","30","65-74 years","65-74","2023","2023",Suppressed,140615,Suppressed
,"Montana","30","65-74 years","65-74","2024 (provisional)","2024",Suppressed,140615,Suppressed
,"Montana","30","65-74 years","65-74","2025 (provisional and partial)","2025",Suppressed,140615,Suppressed
,"Montana","30","75-84 years","75-84","2018","2018",Suppressed,56624,Suppressed
,"Montana","30","75-84 years","75-84","2019","2019",10,58951,Unreliable
,"Montana","30","75-84 years","75-84","2020","2020",Suppressed,60746,Suppressed
,"Montana","30","75-84 years","75-84","2021","2021",Suppressed,60197,Suppressed
,"Montana","30","75-84 years","75-84","2022","2022",Suppressed,65753,Suppressed
,"Montana","30","75-84 years","75-84","2023","2023",Suppressed,69624,Suppressed
,"Montana","30","75-84 years","75-84","2024 (provisional)","2024",12,69624,Unreliable
,"Montana","30","75-84 years","75-84","2025 (provisional and partial)","2025",Suppressed,69624,Suppressed
,"Montana","30","85+ years","85+","2018","2018",Suppressed,22695,Suppressed
,"Montana","30","85+ years","85+","2019","2019",Suppressed,22855,Suppressed
,"Montana","30","85+ years","85+","2020","2020",0,23072,Unreliable
,"Montana","30","85+ years","85+","2021","2021",Suppressed,20787,Suppressed
,"Montana","30","85+ years","85+","2022","2022",Suppressed,22606,Suppressed
,"Montana","30","85+ years","85+","2023","2023",Suppressed,21745,Suppressed
,"Montana","30","85+ years","85+","2024 (provisional)","2024",Suppressed,21745,Suppressed
,"Montana","30","85+ years","85+","2025 (provisional and partial)","2025",Suppressed,21745,Suppressed
,"Montana","30","Not Stated","NS","2018","2018",0,Not Applicable,Not Applicable
,"Montana","30","Not Stated","NS","2019","2019",0,Not Applicable,Not Applicable
,"Montana","30","Not Stated","NS","2020","2020",0,Not Applicable,Not Applicable
,"Montana","30","Not Stated","NS","2021","2021",0,Not Applicable,Not Applicable
,"Montana","30","Not Stated","NS","2022","2022",0,Not Applicable,Not Applicable
,"Montana","30","Not Stated","NS","2023","2023",0,Not Applicable,Not Applicable
,"Montana","30","Not Stated","NS","2024 (provisional)","2024",0,Not Applicable,Not Applicable
,"Montana","30","Not Stated","NS","2025 (provisional and partial)","2025",0,Not Applicable,Not Applicable
,"Nebraska","31","< 1 year","1","2018","2018",0,25809,Unreliable
,"Nebraska","31","< 1 year","1","2019","2019",0,25252,Unreliable
,"Nebraska","31","< 1 year","1","2020","2020",0,24961,Unreliable
,"Nebraska","31","< 1 year","1","2021","2021",0,23444,Unreliable
,"Nebraska","31","< 1 year","1","2022","2022",0,24347,Unreliable
,"Nebraska","31","< 1 year","1","2023","2023",0,24144,Unreliable
,"Nebraska","31","< 1 year","1","2024 (provisional)","2024",0,24144,Unreliable
,"Nebraska","31","< 1 year","1","2025 (provisional and partial)","2025",0,24144,Unreliable
,"Nebraska","31","1-4 years","1-4","2018","2018",0,107159,Unreliable
,"Nebraska","31","1-4 years","1-4","2019","2019",0,105628,Unreliable
,"Nebraska","31","1-4 years","1-4","2020","2020",0,103756,Unreliable
,"Nebraska","31","1-4 years","1-4","2021","2021",0,102346,Unreliable
,"Nebraska","31","1-4 years","1-4","2022","2022",0,99490,Unreliable
,"Nebraska","31","1-4 years","1-4","2023","2023",0,99515,Unreliable
,"Nebraska","31","1-4 years","1-4","2024 (provisional)","2024",0,99515,Unreliable
,"Nebraska","31","1-4 years","1-4","2025 (provisional and partial)","2025",0,99515,Unreliable
,"Nebraska","31","5-14 years","5-14","2018","2018",0,265822,Unreliable
,"Nebraska","31","5-14 years","5-14","2019","2019",0,266296,Unreliable
,"Nebraska","31","5-14 years","5-14","2020","2020",0,266704,Unreliable
,"Nebraska","31","5-14 years","5-14","2021","2021",0,273946,Unreliable
,"Nebraska","31","5-14 years","5-14","2022","2022",0,269501,Unreliable
,"Nebraska","31","5-14 years","5-14","2023","2023",0,271469,Unreliable
,"Nebraska","31","5-14 years","5-14","2024 (provisional)","2024",0,271469,Unreliable
,"Nebraska","31","5-14 years","5-14","2025 (provisional and partial)","2025",0,271469,Unreliable
,"Nebraska","31","15-24 years","15-24","2018","2018",0,268759,Unreliable
,"Nebraska","31","15-24 years","15-24","2019","2019",0,268196,Unreliable
,"Nebraska","31","15-24 years","15-24","2020","2020",0,268225,Unreliable
,"Nebraska","31","15-24 years","15-24","2021","2021",0,274864,Unreliable
,"Nebraska","31","15-24 years","15-24","2022","2022",0,280663,Unreliable
,"Nebraska","31","15-24 years","15-24","2023","2023",0,280718,Unreliable
,"Nebraska","31","15-24 years","15-24","2024 (provisional)","2024",0,280718,Unreliable
,"Nebraska","31","15-24 years","15-24","2025 (provisional and partial)","2025",0,280718,Unreliable
,"Nebraska","31","25-34 years","25-34","2018","2018",0,255723,Unreliable
,"Nebraska","31","25-34 years","25-34","2019","2019",Suppressed,255338,Suppressed
,"Nebraska","31","25-34 years","25-34","2020","2020",0,254707,Unreliable
,"Nebraska","31","25-34 years","25-34","2021","2021",0,252879,Unreliable
,"Nebraska","31","25-34 years","25-34","2022","2022",Suppressed,251846,Suppressed
,"Nebraska","31","25-34 years","25-34","2023","2023",Suppressed,252578,Suppressed
,"Nebraska","31","25-34 years","25-34","2024 (provisional)","2024",0,252578,Unreliable
,"Nebraska","31","25-34 years","25-34","2025 (provisional and partial)","2025",0,252578,Unreliable
,"Nebraska","31","35-44 years","35-44","2018","2018",Suppressed,239311,Suppressed
,"Nebraska","31","35-44 years","35-44","2019","2019",Suppressed,243139,Suppressed
,"Nebraska","31","35-44 years","35-44","2020","2020",0,246298,Unreliable
,"Nebraska","31","35-44 years","35-44","2021","2021",Suppressed,255699,Suppressed
,"Nebraska","31","35-44 years","35-44","2022","2022",Suppressed,256829,Suppressed
,"Nebraska","31","35-44 years","35-44","2023","2023",Suppressed,259635,Suppressed
,"Nebraska","31","35-44 years","35-44","2024 (provisional)","2024",Suppressed,259635,Suppressed
,"Nebraska","31","35-44 years","35-44","2025 (provisional and partial)","2025",Suppressed,259635,Suppressed
,"Nebraska","31","45-54 years","45-54","2018","2018",Suppressed,219971,Suppressed
,"Nebraska","31","45-54 years","45-54","2019","2019",Suppressed,215808,Suppressed
,"Nebraska","31","45-54 years","45-54","2020","2020",10,213797,Unreliable
,"Nebraska","31","45-54 years","45-54","2021","2021",Suppressed,217963,Suppressed
,"Nebraska","31","45-54 years","45-54","2022","2022",Suppressed,218041,Suppressed
,"Nebraska","31","45-54 years","45-54","2023","2023",Suppressed,220602,Suppressed
,"Nebraska","31","45-54 years","45-54","2024 (provisional)","2024",Suppressed,220602,Suppressed
,"Nebraska","31","45-54 years","45-54","2025 (provisional and partial)","2025",0,220602,Unreliable
,"Nebraska","31","55-64 years","55-64","2018","2018",11,243048,Unreliable
,"Nebraska","31","55-64 years","55-64","2019","2019",Suppressed,242293,Suppressed
,"Nebraska","31","55-64 years","55-64","2020","2020",17,239667,Unreliable
,"Nebraska","31","55-64 years","55-64","2021","2021",Suppressed,240661,Suppressed
,"Nebraska","31","55-64 years","55-64","2022","2022",Suppressed,234150,Suppressed
,"Nebraska","31","55-64 years","55-64","2023","2023",Suppressed,230172,Suppressed
,"Nebraska","31","55-64 years","55-64","2024 (provisional)","2024",Suppressed,230172,Suppressed
,"Nebraska","31","55-64 years","55-64","2025 (provisional and partial)","2025",Suppressed,230172,Suppressed
,"Nebraska","31","65-74 years","65-74","2018","2018",Suppressed,172527,Suppressed
,"Nebraska","31","65-74 years","65-74","2019","2019",13,178908,Unreliable
,"Nebraska","31","65-74 years","65-74","2020","2020",Suppressed,185015,Suppressed
,"Nebraska","31","65-74 years","65-74","2021","2021",13,193977,Unreliable
,"Nebraska","31","65-74 years","65-74","2022","2022",16,195520,Unreliable
,"Nebraska","31","65-74 years","65-74","2023","2023",10,200769,Unreliable
,"Nebraska","31","65-74 years","65-74","2024 (provisional)","2024",18,200769,Unreliable
,"Nebraska","31","65-74 years","65-74","2025 (provisional and partial)","2025",Suppressed,200769,Suppressed
,"Nebraska","31","75-84 years","75-84","2018","2018",13,88061,Unreliable
,"Nebraska","31","75-84 years","75-84","2019","2019",14,90492,Unreliable
,"Nebraska","31","75-84 years","75-84","2020","2020",13,91792,Unreliable
,"Nebraska","31","75-84 years","75-84","2021","2021",13,89882,Unreliable
,"Nebraska","31","75-84 years","75-84","2022","2022",10,96830,Unreliable
,"Nebraska","31","75-84 years","75-84","2023","2023",Suppressed,101015,Suppressed
,"Nebraska","31","75-84 years","75-84","2024 (provisional)","2024",Suppressed,101015,Suppressed
,"Nebraska","31","75-84 years","75-84","2025 (provisional and partial)","2025",Suppressed,101015,Suppressed
,"Nebraska","31","85+ years","85+","2018","2018",Suppressed,43078,Suppressed
,"Nebraska","31","85+ years","85+","2019","2019",Suppressed,43058,Suppressed
,"Nebraska","31","85+ years","85+","2020","2020",Suppressed,42630,Suppressed
,"Nebraska","31","85+ years","85+","2021","2021",10,38031,Unreliable
,"Nebraska","31","85+ years","85+","2022","2022",Suppressed,40706,Suppressed
,"Nebraska","31","85+ years","85+","2023","2023",Suppressed,37762,Suppressed
,"Nebraska","31","85+ years","85+","2024 (provisional)","2024",Suppressed,37762,Suppressed
,"Nebraska","31","85+ years","85+","2025 (provisional and partial)","2025",Suppressed,37762,Suppressed
,"Nebraska","31","Not Stated","NS","2018","2018",0,Not Applicable,Not Applicable
,"Nebraska","31","Not Stated","NS","2019","2019",0,Not Applicable,Not Applicable
,"Nebraska","31","Not Stated","NS","2020","2020",0,Not Applicable,Not Applicable
,"Nebraska","31","Not Stated","NS","2021","2021",0,Not Applicable,Not Applicable
,"Nebraska","31","Not Stated","NS","2022","2022",0,Not Applicable,Not Applicable
,"Nebraska","31","Not Stated","NS","2023","2023",0,Not Applicable,Not Applicable
,"Nebraska","31","Not Stated","NS","2024 (provisional)","2024",0,Not Applicable,Not Applicable
,"Nebraska","31","Not Stated","NS","2025 (provisional and partial)","2025",0,Not Applicable,Not Applicable
,"New Mexico","35","< 1 year","1","2018","2018",0,23668,Unreliable
,"New Mexico","35","< 1 year","1","2019","2019",0,23014,Unreliable
,"New Mexico","35","< 1 year","1","2020","2020",0,22576,Unreliable
,"New Mexico","35","< 1 year","1","2021","2021",0,21836,Unreliable
,"New Mexico","35","< 1 year","1","2022","2022",0,20830,Unreliable
,"New Mexico","35","< 1 year","1","2023","2023",0,20589,Unreliable
,"New Mexico","35","< 1 year","1","2024 (provisional)","2024",0,20589,Unreliable
,"New Mexico","35","< 1 year","1","2025 (provisional and partial)","2025",0,20589,Unreliable
,"New Mexico","35","1-4 years","1-4","2018","2018",0,100578,Unreliable
,"New Mexico","35","1-4 years","1-4","2019","2019",0,97972,Unreliable
,"New Mexico","35","1-4 years","1-4","2020","2020",0,96149,Unreliable
,"New Mexico","35","1-4 years","1-4","2021","2021",0,93172,Unreliable
,"New Mexico","35","1-4 years","1-4","2022","2022",0,89198,Unreliable
,"New Mexico","35","1-4 years","1-4","2023","2023",0,86732,Unreliable
,"New Mexico","35","1-4 years","1-4","2024 (provisional)","2024",0,86732,Unreliable
,"New Mexico","35","1-4 years","1-4","2025 (provisional and partial)","2025",0,86732,Unreliable
,"New Mexico","35","5-14 years","5-14","2018","2018",0,274763,Unreliable
,"New Mexico","35","5-14 years","5-14","2019","2019",0,272268,Unreliable
,"New Mexico","35","5-14 years","5-14","2020","2020",0,270303,Unreliable
,"New Mexico","35","5-14 years","5-14","2021","2021",0,272157,Unreliable
,"New Mexico","35","5-14 years","5-14","2022","2022",0,263311,Unreliable
,"New Mexico","35","5-14 years","5-14","2023","2023",0,256826,Unreliable
,"New Mexico","35","5-14 years","5-14","2024 (provisional)","2024",0,256826,Unreliable
,"New Mexico","35","5-14 years","5-14","2025 (provisional and partial)","2025",0,256826,Unreliable
,"New Mexico","35","15-24 years","15-24","2018","2018",0,280599,Unreliable
,"New Mexico","35","15-24 years","15-24","2019","2019",0,278459,Unreliable
,"New Mexico","35","15-24 years","15-24","2020","2020",Suppressed,279613,Suppressed
,"New Mexico","35","15-24 years","15-24","2021","2021",0,283009,Unreliable
,"New Mexico","35","15-24 years","15-24","2022","2022",0,292929,Unreliable
,"New Mexico","35","15-24 years","15-24","2023","2023",0,287595,Unreliable
,"New Mexico","35","15-24 years","15-24","2024 (provisional)","2024",Suppressed,287595,Suppressed
,"New Mexico","35","15-24 years","15-24","2025 (provisional and partial)","2025",0,287595,Unreliable
,"New Mexico","35","25-34 years","25-34","2018","2018",Suppressed,283835,Suppressed
,"New Mexico","35","25-34 years","25-34","2019","2019",Suppressed,284087,Suppressed
,"New Mexico","35","25-34 years","25-34","2020","2020",Suppressed,285029,Suppressed
,"New Mexico","35","25-34 years","25-34","2021","2021",Suppressed,280986,Suppressed
,"New Mexico","35","25-34 years","25-34","2022","2022",Suppressed,278336,Suppressed
,"New Mexico","35","25-34 years","25-34","2023","2023",Suppressed,276976,Suppressed
,"New Mexico","35","25-34 years","25-34","2024 (provisional)","2024",Suppressed,276976,Suppressed
,"New Mexico","35","25-34 years","25-34","2025 (provisional and partial)","2025",0,276976,Unreliable
,"New Mexico","35","35-44 years","35-44","2018","2018",Suppressed,250784,Suppressed
,"New Mexico","35","35-44 years","35-44","2019","2019",Suppressed,254846,Suppressed
,"New Mexico","35","35-44 years","35-44","2020","2020",Suppressed,259877,Suppressed
,"New Mexico","35","35-44 years","35-44","2021","2021",Suppressed,268354,Suppressed
,"New Mexico","35","35-44 years","35-44","2022","2022",Suppressed,269909,Suppressed
,"New Mexico","35","35-44 years","35-44","2023","2023",Suppressed,273129,Suppressed
,"New Mexico","35","35-44 years","35-44","2024 (provisional)","2024",0,273129,Unreliable
,"New Mexico","35","35-44 years","35-44","2025 (provisional and partial)","2025",0,273129,Unreliable
,"New Mexico","35","45-54 years","45-54","2018","2018",14,240865,Unreliable
,"New Mexico","35","45-54 years","45-54","2019","2019",Suppressed,235656,Suppressed
,"New Mexico","35","45-54 years","45-54","2020","2020",Suppressed,232949,Suppressed
,"New Mexico","35","45-54 years","45-54","2021","2021",Suppressed,235423,Suppressed
,"New Mexico","35","45-54 years","45-54","2022","2022",Suppressed,234581,Suppressed
,"New Mexico","35","45-54 years","45-54","2023","2023",Suppressed,235584,Suppressed
,"New Mexico","35","45-54 years","45-54","2024 (provisional)","2024",Suppressed,235584,Suppressed
,"New Mexico","35","45-54 years","45-54","2025 (provisional and partial)","2025",Suppressed,235584,Suppressed
,"New Mexico","35","55-64 years","55-64","2018","2018",16,274147,Unreliable
,"New Mexico","35","55-64 years","55-64","2019","2019",15,272921,Unreliable
,"New Mexico","35","55-64 years","55-64","2020","2020",20,269912,7.410
,"New Mexico","35","55-64 years","55-64","2021","2021",11,268994,Unreliable
,"New Mexico","35","55-64 years","55-64","2022","2022",12,260847,Unreliable
,"New Mexico","35","55-64 years","55-64","2023","2023",Suppressed,258389,Suppressed
,"New Mexico","35","55-64 years","55-64","2024 (provisional)","2024",17,258389,Unreliable
,"New Mexico","35","55-64 years","55-64","2025 (provisional and partial)","2025",13,258389,Unreliable
,"New Mexico","35","65-74 years","65-74","2018","2018",22,217884,10.097
,"New Mexico","35","65-74 years","65-74","2019","2019",32,224483,14.255
,"New Mexico","35","65-74 years","65-74","2020","2020",26,231746,11.219
,"New Mexico","35","65-74 years","65-74","2021","2021",26,238520,10.901
,"New Mexico","35","65-74 years","65-74","2022","2022",24,238437,10.066
,"New Mexico","35","65-74 years","65-74","2023","2023",21,245514,8.553
,"New Mexico","35","65-74 years","65-74","2024 (provisional)","2024",12,245514,Unreliable
,"New Mexico","35","65-74 years","65-74","2025 (provisional and partial)","2025",11,245514,Unreliable
,"New Mexico","35","75-84 years","75-84","2018","2018",24,107134,22.402
,"New Mexico","35","75-84 years","75-84","2019","2019",14,111714,Unreliable
,"New Mexico","35","75-84 years","75-84","2020","2020",20,115866,17.261
,"New Mexico","35","75-84 years","75-84","2021","2021",27,114957,23.487
,"New Mexico","35","75-84 years","75-84","2022","2022",22,124085,17.730
,"New Mexico","35","75-84 years","75-84","2023","2023",19,132897,Unreliable
,"New Mexico","35","75-84 years","75-84","2024 (provisional)","2024",18,132897,Unreliable
,"New Mexico","35","75-84 years","75-84","2025 (provisional and partial)","2025",Suppressed,132897,Suppressed
,"New Mexico","35","85+ years","85+","2018","2018",17,41171,Unreliable
,"New Mexico","35","85+ years","85+","2019","2019",15,41409,Unreliable
,"New Mexico","35","85+ years","85+","2020","2020",16,42299,Unreliable
,"New Mexico","35","85+ years","85+","2021","2021",18,38469,Unreliable
,"New Mexico","35","85+ years","85+","2022","2022",Suppressed,40881,Suppressed
,"New Mexico","35","85+ years","85+","2023","2023",18,40140,Unreliable
,"New Mexico","35","85+ years","85+","2024 (provisional)","2024",Suppressed,40140,Suppressed
,"New Mexico","35","85+ years","85+","2025 (provisional and partial)","2025",Suppressed,40140,Suppressed
,"New Mexico","35","Not Stated","NS","2018","2018",0,Not Applicable,Not Applicable
,"New Mexico","35","Not Stated","NS","2019","2019",0,Not Applicable,Not Applicable
,"New Mexico","35","Not Stated","NS","2020","2020",0,Not Applicable,Not Applicable
,"New Mexico","35","Not Stated","NS","2021","2021",0,Not Applicable,Not Applicable
,"New Mexico","35","Not Stated","NS","2022","2022",0,Not Applicable,Not Applicable
,"New Mexico","35","Not Stated","NS","2023","2023",0,Not Applicable,Not Applicable
,"New Mexico","35","Not Stated","NS","2024 (provisional)","2024",0,Not Applicable,Not Applicable
,"New Mexico","35","Not Stated","NS","2025 (provisional and partial)","2025",0,Not Applicable,Not Applicable
,"North Dakota","38","< 1 year","1","2018","2018",0,10802,Unreliable
,"North Dakota","38","< 1 year","1","2019","2019",0,10483,Unreliable
,"North Dakota","38","< 1 year","1","2020","2020",0,10459,Unreliable
,"North Dakota","38","< 1 year","1","2021","2021",0,9740,Unreliable
,"North Dakota","38","< 1 year","1","2022","2022",0,10093,Unreliable
,"North Dakota","38","< 1 year","1","2023","2023",0,9626,Unreliable
,"North Dakota","38","< 1 year","1","2024 (provisional)","2024",0,9626,Unreliable
,"North Dakota","38","< 1 year","1","2025 (provisional and partial)","2025",0,9626,Unreliable
,"North Dakota","38","1-4 years","1-4","2018","2018",0,43893,Unreliable
,"North Dakota","38","1-4 years","1-4","2019","2019",0,43618,Unreliable
,"North Dakota","38","1-4 years","1-4","2020","2020",0,42620,Unreliable
,"North Dakota","38","1-4 years","1-4","2021","2021",0,41650,Unreliable
,"North Dakota","38","1-4 years","1-4","2022","2022",0,39836,Unreliable
,"North Dakota","38","1-4 years","1-4","2023","2023",0,39681,Unreliable
,"North Dakota","38","1-4 years","1-4","2024 (provisional)","2024",0,39681,Unreliable
,"North Dakota","38","1-4 years","1-4","2025 (provisional and partial)","2025",0,39681,Unreliable
,"North Dakota","38","5-14 years","5-14","2018","2018",0,97854,Unreliable
,"North Dakota","38","5-14 years","5-14","2019","2019",0,99495,Unreliable
,"North Dakota","38","5-14 years","5-14","2020","2020",0,101162,Unreliable
,"North Dakota","38","5-14 years","5-14","2021","2021",0,104849,Unreliable
,"North Dakota","38","5-14 years","5-14","2022","2022",0,103154,Unreliable
,"North Dakota","38","5-14 years","5-14","2023","2023",0,104584,Unreliable
,"North Dakota","38","5-14 years","5-14","2024 (provisional)","2024",0,104584,Unreliable
,"North Dakota","38","5-14 years","5-14","2025 (provisional and partial)","2025",0,104584,Unreliable
,"North Dakota","38","15-24 years","15-24","2018","2018",0,110861,Unreliable
,"North Dakota","38","15-24 years","15-24","2019","2019",0,109397,Unreliable
,"North Dakota","38","15-24 years","15-24","2020","2020",0,110517,Unreliable
,"North Dakota","38","15-24 years","15-24","2021","2021",0,112905,Unreliable
,"North Dakota","38","15-24 years","15-24","2022","2022",0,119124,Unreliable
,"North Dakota","38","15-24 years","15-24","2023","2023",0,118409,Unreliable
,"North Dakota","38","15-24 years","15-24","2024 (provisional)","2024",0,118409,Unreliable
,"North Dakota","38","15-24 years","15-24","2025 (provisional and partial)","2025",0,118409,Unreliable
,"North Dakota","38","25-34 years","25-34","2018","2018",0,114800,Unreliable
,"North Dakota","38","25-34 years","25-34","2019","2019",Suppressed,114571,Suppressed
,"North Dakota","38","25-34 years","25-34","2020","2020",0,113311,Unreliable
,"North Dakota","38","25-34 years","25-34","2021","2021",0,110972,Unreliable
,"North Dakota","38","25-34 years","25-34","2022","2022",0,109433,Unreliable
,"North Dakota","38","25-34 years","25-34","2023","2023",0,109513,Unreliable
,"North Dakota","38","25-34 years","25-34","2024 (provisional)","2024",0,109513,Unreliable
,"North Dakota","38","25-34 years","25-34","2025 (provisional and partial)","2025",0,109513,Unreliable
,"North Dakota","38","35-44 years","35-44","2018","2018",Suppressed,90402,Suppressed
,"North Dakota","38","35-44 years","35-44","2019","2019",0,92576,Unreliable
,"North Dakota","38","35-44 years","35-44","2020","2020",Suppressed,94889,Suppressed
,"North Dakota","38","35-44 years","35-44","2021","2021",0,99539,Unreliable
,"North Dakota","38","35-44 years","35-44","2022","2022",Suppressed,100523,Suppressed
,"North Dakota","38","35-44 years","35-44","2023","2023",0,102608,Unreliable
,"North Dakota","38","35-44 years","35-44","2024 (provisional)","2024",0,102608,Unreliable
,"North Dakota","38","35-44 years","35-44","2025 (provisional and partial)","2025",0,102608,Unreliable
,"North Dakota","38","45-54 years","45-54","2018","2018",0,80005,Unreliable
,"North Dakota","38","45-54 years","45-54","2019","2019",0,78199,Unreliable
,"North Dakota","38","45-54 years","45-54","2020","2020",0,77161,Unreliable
,"North Dakota","38","45-54 years","45-54","2021","2021",Suppressed,78534,Suppressed
,"North Dakota","38","45-54 years","45-54","2022","2022",Suppressed,78235,Suppressed
,"North Dakota","38","45-54 years","45-54","2023","2023",Suppressed,79137,Suppressed
,"North Dakota","38","45-54 years","45-54","2024 (provisional)","2024",0,79137,Unreliable
,"North Dakota","38","45-54 years","45-54","2025 (provisional and partial)","2025",Suppressed,79137,Suppressed
,"North Dakota","38","55-64 years","55-64","2018","2018",Suppressed,94823,Suppressed
,"North Dakota","38","55-64 years","55-64","2019","2019",Suppressed,93878,Suppressed
,"North Dakota","38","55-64 years","55-64","2020","2020",Suppressed,92049,Suppressed
,"North Dakota","38","55-64 years","55-64","2021","2021",Suppressed,92118,Suppressed
,"North Dakota","38","55-64 years","55-64","2022","2022",Suppressed,88935,Suppressed
,"North Dakota","38","55-64 years","55-64","2023","2023",Suppressed,87052,Suppressed
,"North Dakota","38","55-64 years","55-64","2024 (provisional)","2024",Suppressed,87052,Suppressed
,"North Dakota","38","55-64 years","55-64","2025 (provisional and partial)","2025",0,87052,Unreliable
,"North Dakota","38","65-74 years","65-74","2018","2018",Suppressed,64222,Suppressed
,"North Dakota","38","65-74 years","65-74","2019","2019",Suppressed,66664,Suppressed
,"North Dakota","38","65-74 years","65-74","2020","2020",Suppressed,69658,Suppressed
,"North Dakota","38","65-74 years","65-74","2021","2021",Suppressed,73642,Suppressed
,"North Dakota","38","65-74 years","65-74","2022","2022",Suppressed,74880,Suppressed
,"North Dakota","38","65-74 years","65-74","2023","2023",Suppressed,77525,Suppressed
,"North Dakota","38","65-74 years","65-74","2024 (provisional)","2024",Suppressed,77525,Suppressed
,"North Dakota","38","65-74 years","65-74","2025 (provisional and partial)","2025",Suppressed,77525,Suppressed
,"North Dakota","38","75-84 years","75-84","2018","2018",Suppressed,33619,Suppressed
,"North Dakota","38","75-84 years","75-84","2019","2019",Suppressed,34368,Suppressed
,"North Dakota","38","75-84 years","75-84","2020","2020",Suppressed,34850,Suppressed
,"North Dakota","38","75-84 years","75-84","2021","2021",Suppressed,34310,Suppressed
,"North Dakota","38","75-84 years","75-84","2022","2022",Suppressed,36756,Suppressed
,"North Dakota","38","75-84 years","75-84","2023","2023",Suppressed,38256,Suppressed
,"North Dakota","38","75-84 years","75-84","2024 (provisional)","2024",Suppressed,38256,Suppressed
,"North Dakota","38","75-84 years","75-84","2025 (provisional and partial)","2025",Suppressed,38256,Suppressed
,"North Dakota","38","85+ years","85+","2018","2018",Suppressed,18796,Suppressed
,"North Dakota","38","85+ years","85+","2019","2019",Suppressed,18813,Suppressed
,"North Dakota","38","85+ years","85+","2020","2020",Suppressed,18633,Suppressed
,"North Dakota","38","85+ years","85+","2021","2021",Suppressed,16689,Suppressed
,"North Dakota","38","85+ years","85+","2022","2022",Suppressed,18292,Suppressed
,"North Dakota","38","85+ years","85+","2023","2023",Suppressed,17535,Suppressed
,"North Dakota","38","85+ years","85+","2024 (provisional)","2024",Suppressed,17535,Suppressed
,"North Dakota","38","85+ years","85+","2025 (provisional and partial)","2025",Suppressed,17535,Suppressed
,"North Dakota","38","Not Stated","NS","2018","2018",0,Not Applicable,Not Applicable
,"North Dakota","38","Not Stated","NS","2019","2019",0,Not Applicable,Not Applicable
,"North Dakota","38","Not Stated","NS","2020","2020",0,Not Applicable,Not Applicable
,"North Dakota","38","Not Stated","NS","2021","2021",0,Not Applicable,Not Applicable
,"North Dakota","38","Not Stated","NS","2022","2022",0,Not Applicable,Not Applicable
,"North Dakota","38","Not Stated","NS","2023","2023",0,Not Applicable,Not Applicable
,"North Dakota","38","Not Stated","NS","2024 (provisional)","2024",0,Not Applicable,Not Applicable
,"North Dakota","38","Not Stated","NS","2025 (provisional and partial)","2025",0,Not Applicable,Not Applicable
,"Oklahoma","40","< 1 year","1","2018","2018",0,50353,Unreliable
,"Oklahoma","40","< 1 year","1","2019","2019",0,48442,Unreliable
,"Oklahoma","40","< 1 year","1","2020","2020",0,48675,Unreliable
,"Oklahoma","40","< 1 year","1","2021","2021",0,46696,Unreliable
,"Oklahoma","40","< 1 year","1","2022","2022",0,47793,Unreliable
,"Oklahoma","40","< 1 year","1","2023","2023",0,47714,Unreliable
,"Oklahoma","40","< 1 year","1","2024 (provisional)","2024",0,47714,Unreliable
,"Oklahoma","40","< 1 year","1","2025 (provisional and partial)","2025",0,47714,Unreliable
,"Oklahoma","40","1-4 years","1-4","2018","2018",0,210076,Unreliable
,"Oklahoma","40","1-4 years","1-4","2019","2019",0,207091,Unreliable
,"Oklahoma","40","1-4 years","1-4","2020","2020",0,204841,Unreliable
,"Oklahoma","40","1-4 years","1-4","2021","2021",0,199673,Unreliable
,"Oklahoma","40","1-4 years","1-4","2022","2022",0,195878,Unreliable
,"Oklahoma","40","1-4 years","1-4","2023","2023",0,196563,Unreliable
,"Oklahoma","40","1-4 years","1-4","2024 (provisional)","2024",0,196563,Unreliable
,"Oklahoma","40","1-4 years","1-4","2025 (provisional and partial)","2025",0,196563,Unreliable
,"Oklahoma","40","5-14 years","5-14","2018","2018",0,537907,Unreliable
,"Oklahoma","40","5-14 years","5-14","2019","2019",Suppressed,538048,Suppressed
,"Oklahoma","40","5-14 years","5-14","2020","2020",0,540058,Unreliable
,"Oklahoma","40","5-14 years","5-14","2021","2021",0,549742,Unreliable
,"Oklahoma","40","5-14 years","5-14","2022","2022",0,542233,Unreliable
,"Oklahoma","40","5-14 years","5-14","2023","2023",0,548221,Unreliable
,"Oklahoma","40","5-14 years","5-14","2024 (provisional)","2024",0,548221,Unreliable
,"Oklahoma","40","5-14 years","5-14","2025 (provisional and partial)","2025",0,548221,Unreliable
,"Oklahoma","40","15-24 years","15-24","2018","2018",0,537830,Unreliable
,"Oklahoma","40","15-24 years","15-24","2019","2019",0,539562,Unreliable
,"Oklahoma","40","15-24 years","15-24","2020","2020",0,541920,Unreliable
,"Oklahoma","40","15-24 years","15-24","2021","2021",Suppressed,549090,Suppressed
,"Oklahoma","40","15-24 years","15-24","2022","2022",0,573842,Unreliable
,"Oklahoma","40","15-24 years","15-24","2023","2023",0,571866,Unreliable
,"Oklahoma","40","15-24 years","15-24","2024 (provisional)","2024",0,571866,Unreliable
,"Oklahoma","40","15-24 years","15-24","2025 (provisional and partial)","2025",0,571866,Unreliable
,"Oklahoma","40","25-34 years","25-34","2018","2018",Suppressed,543218,Suppressed
,"Oklahoma","40","25-34 years","25-34","2019","2019",Suppressed,543593,Suppressed
,"Oklahoma","40","25-34 years","25-34","2020","2020",0,545036,Unreliable
,"Oklahoma","40","25-34 years","25-34","2021","2021",Suppressed,536930,Suppressed
,"Oklahoma","40","25-34 years","25-34","2022","2022",0,541538,Unreliable
,"Oklahoma","40","25-34 years","25-34","2023","2023",Suppressed,547084,Suppressed
,"Oklahoma","40","25-34 years","25-34","2024 (provisional)","2024",Suppressed,547084,Suppressed
,"Oklahoma","40","25-34 years","25-34","2025 (provisional and partial)","2025",Suppressed,547084,Suppressed
,"Oklahoma","40","35-44 years","35-44","2018","2018",Suppressed,490388,Suppressed
,"Oklahoma","40","35-44 years","35-44","2019","2019",Suppressed,497873,Suppressed
,"Oklahoma","40","35-44 years","35-44","2020","2020",Suppressed,505948,Suppressed
,"Oklahoma","40","35-44 years","35-44","2021","2021",12,518854,Unreliable
,"Oklahoma","40","35-44 years","35-44","2022","2022",Suppressed,524996,Suppressed
,"Oklahoma","40","35-44 years","35-44","2023","2023",Suppressed,535572,Suppressed
,"Oklahoma","40","35-44 years","35-44","2024 (provisional)","2024",Suppressed,535572,Suppressed
,"Oklahoma","40","35-44 years","35-44","2025 (provisional and partial)","2025",Suppressed,535572,Suppressed
,"Oklahoma","40","45-54 years","45-54","2018","2018",11,460310,Unreliable
,"Oklahoma","40","45-54 years","45-54","2019","2019",14,453536,Unreliable
,"Oklahoma","40","45-54 years","45-54","2020","2020",10,451176,Unreliable
,"Oklahoma","40","45-54 years","45-54","2021","2021",Suppressed,454731,Suppressed
,"Oklahoma","40","45-54 years","45-54","2022","2022",Suppressed,457226,Suppressed
,"Oklahoma","40","45-54 years","45-54","2023","2023",Suppressed,463111,Suppressed
,"Oklahoma","40","45-54 years","45-54","2024 (provisional)","2024",12,463111,Unreliable
,"Oklahoma","40","45-54 years","45-54","2025 (provisional and partial)","2025",Suppressed,463111,Suppressed
,"Oklahoma","40","55-64 years","55-64","2018","2018",29,493444,5.877
,"Oklahoma","40","55-64 years","55-64","2019","2019",19,493694,Unreliable
,"Oklahoma","40","55-64 years","55-64","2020","2020",18,489970,Unreliable
,"Oklahoma","40","55-64 years","55-64","2021","2021",40,486212,8.227
,"Oklahoma","40","55-64 years","55-64","2022","2022",26,475399,5.469
,"Oklahoma","40","55-64 years","55-64","2023","2023",13,470055,Unreliable
,"Oklahoma","40","55-64 years","55-64","2024 (provisional)","2024",29,470055,6.169
,"Oklahoma","40","55-64 years","55-64","2025 (provisional and partial)","2025",13,470055,Unreliable
,"Oklahoma","40","65-74 years","65-74","2018","2018",37,358646,10.317
,"Oklahoma","40","65-74 years","65-74","2019","2019",24,368050,6.521
,"Oklahoma","40","65-74 years","65-74","2020","2020",35,380547,9.197
,"Oklahoma","40","65-74 years","65-74","2021","2021",41,388432,10.555
,"Oklahoma","40","65-74 years","65-74","2022","2022",36,388508,9.266
,"Oklahoma","40","65-74 years","65-74","2023","2023",24,397839,6.033
,"Oklahoma","40","65-74 years","65-74","2024 (provisional)","2024",36,397839,9.049
,"Oklahoma","40","65-74 years","65-74","2025 (provisional and partial)","2025",19,397839,Unreliable
,"Oklahoma","40","75-84 years","75-84","2018","2018",29,187711,15.449
,"Oklahoma","40","75-84 years","75-84","2019","2019",37,192919,19.179
,"Oklahoma","40","75-84 years","75-84","2020","2020",37,197625,18.722
,"Oklahoma","40","75-84 years","75-84","2021","2021",28,189996,14.737
,"Oklahoma","40","75-84 years","75-84","2022","2022",27,202038,13.364
,"Oklahoma","40","75-84 years","75-84","2023","2023",28,208447,13.433
,"Oklahoma","40","75-84 years","75-84","2024 (provisional)","2024",33,208447,15.831
,"Oklahoma","40","75-84 years","75-84","2025 (provisional and partial)","2025",18,208447,Unreliable
,"Oklahoma","40","85+ years","85+","2018","2018",18,73196,Unreliable
,"Oklahoma","40","85+ years","85+","2019","2019",14,74163,Unreliable
,"Oklahoma","40","85+ years","85+","2020","2020",18,74987,Unreliable
,"Oklahoma","40","85+ years","85+","2021","2021",17,66283,Unreliable
,"Oklahoma","40","85+ years","85+","2022","2022",18,70349,Unreliable
,"Oklahoma","40","85+ years","85+","2023","2023",Suppressed,67352,Suppressed
,"Oklahoma","40","85+ years","85+","2024 (provisional)","2024",15,67352,Unreliable
,"Oklahoma","40","85+ years","85+","2025 (provisional and partial)","2025",Suppressed,67352,Suppressed
,"Oklahoma","40","Not Stated","NS","2018","2018",0,Not Applicable,Not Applicable
,"Oklahoma","40","Not Stated","NS","2019","2019",0,Not Applicable,Not Applicable
,"Oklahoma","40","Not Stated","NS","2020","2020",0,Not Applicable,Not Applicable
,"Oklahoma","40","Not Stated","NS","2021","2021",0,Not Applicable,Not Applicable
,"Oklahoma","40","Not Stated","NS","2022","2022",0,Not Applicable,Not Applicable
,"Oklahoma","40","Not Stated","NS","2023","2023",0,Not Applicable,Not Applicable
,"Oklahoma","40","Not Stated","NS","2024 (provisional)","2024",0,Not Applicable,Not Applicable
,"Oklahoma","40","Not Stated","NS","2025 (provisional and partial)","2025",0,Not Applicable,Not Applicable
,"South Dakota","46","< 1 year","1","2018","2018",0,12109,Unreliable
,"South Dakota","46","< 1 year","1","2019","2019",0,11985,Unreliable
,"South Dakota","46","< 1 year","1","2020","2020",0,11810,Unreliable
,"South Dakota","46","< 1 year","1","2021","2021",0,10917,Unreliable
,"South Dakota","46","< 1 year","1","2022","2022",0,11445,Unreliable
,"South Dakota","46","< 1 year","1","2023","2023",0,11434,Unreliable
,"South Dakota","46","< 1 year","1","2024 (provisional)","2024",0,11434,Unreliable
,"South Dakota","46","< 1 year","1","2025 (provisional and partial)","2025",0,11434,Unreliable
,"South Dakota","46","1-4 years","1-4","2018","2018",0,50023,Unreliable
,"South Dakota","46","1-4 years","1-4","2019","2019",0,49182,Unreliable
,"South Dakota","46","1-4 years","1-4","2020","2020",0,48654,Unreliable
,"South Dakota","46","1-4 years","1-4","2021","2021",0,47751,Unreliable
,"South Dakota","46","1-4 years","1-4","2022","2022",0,46648,Unreliable
,"South Dakota","46","1-4 years","1-4","2023","2023",0,46501,Unreliable
,"South Dakota","46","1-4 years","1-4","2024 (provisional)","2024",0,46501,Unreliable
,"South Dakota","46","1-4 years","1-4","2025 (provisional and partial)","2025",0,46501,Unreliable
,"South Dakota","46","5-14 years","5-14","2018","2018",0,121644,Unreliable
,"South Dakota","46","5-14 years","5-14","2019","2019",0,121666,Unreliable
,"South Dakota","46","5-14 years","5-14","2020","2020",0,122672,Unreliable
,"South Dakota","46","5-14 years","5-14","2021","2021",0,124747,Unreliable
,"South Dakota","46","5-14 years","5-14","2022","2022",0,123688,Unreliable
,"South Dakota","46","5-14 years","5-14","2023","2023",0,125046,Unreliable
,"South Dakota","46","5-14 years","5-14","2024 (provisional)","2024",0,125046,Unreliable
,"South Dakota","46","5-14 years","5-14","2025 (provisional and partial)","2025",0,125046,Unreliable
,"South Dakota","46","15-24 years","15-24","2018","2018",0,117259,Unreliable
,"South Dakota","46","15-24 years","15-24","2019","2019",0,116664,Unreliable
,"South Dakota","46","15-24 years","15-24","2020","2020",0,118386,Unreliable
,"South Dakota","46","15-24 years","15-24","2021","2021",0,120236,Unreliable
,"South Dakota","46","15-24 years","15-24","2022","2022",0,124413,Unreliable
,"South Dakota","46","15-24 years","15-24","2023","2023",0,124344,Unreliable
,"South Dakota","46","15-24 years","15-24","2024 (provisional)","2024",0,124344,Unreliable
,"South Dakota","46","15-24 years","15-24","2025 (provisional and partial)","2025",0,124344,Unreliable
,"South Dakota","46","25-34 years","25-34","2018","2018",0,116095,Unreliable
,"South Dakota","46","25-34 years","25-34","2019","2019",0,115064,Unreliable
,"South Dakota","46","25-34 years","25-34","2020","2020",0,115109,Unreliable
,"South Dakota","46","25-34 years","25-34","2021","2021",0,113171,Unreliable
,"South Dakota","46","25-34 years","25-34","2022","2022",0,114295,Unreliable
,"South Dakota","46","25-34 years","25-34","2023","2023",0,115187,Unreliable
,"South Dakota","46","25-34 years","25-34","2024 (provisional)","2024",0,115187,Unreliable
,"South Dakota","46","25-34 years","25-34","2025 (provisional and partial)","2025",0,115187,Unreliable
,"South Dakota","46","35-44 years","35-44","2018","2018",0,103909,Unreliable
,"South Dakota","46","35-44 years","35-44","2019","2019",Suppressed,105864,Suppressed
,"South Dakota","46","35-44 years","35-44","2020","2020",0,108308,Unreliable
,"South Dakota","46","35-44 years","35-44","2021","2021",0,111647,Unreliable
,"South Dakota","46","35-44 years","35-44","2022","2022",0,114374,Unreliable
,"South Dakota","46","35-44 years","35-44","2023","2023",Suppressed,116885,Suppressed
,"South Dakota","46","35-44 years","35-44","2024 (provisional)","2024",0,116885,Unreliable
,"South Dakota","46","35-44 years","35-44","2025 (provisional and partial)","2025",0,116885,Unreliable
,"South Dakota","46","45-54 years","45-54","2018","2018",Suppressed,97081,Suppressed
,"South Dakota","46","45-54 years","45-54","2019","2019",Suppressed,94865,Suppressed
,"South Dakota","46","45-54 years","45-54","2020","2020",0,93700,Unreliable
,"South Dakota","46","45-54 years","45-54","2021","2021",Suppressed,94492,Suppressed
,"South Dakota","46","45-54 years","45-54","2022","2022",Suppressed,96313,Suppressed
,"South Dakota","46","45-54 years","45-54","2023","2023",Suppressed,97675,Suppressed
,"South Dakota","46","45-54 years","45-54","2024 (provisional)","2024",Suppressed,97675,Suppressed
,"South Dakota","46","45-54 years","45-54","2025 (provisional and partial)","2025",Suppressed,97675,Suppressed
,"South Dakota","46","55-64 years","55-64","2018","2018",Suppressed,117261,Suppressed
,"South Dakota","46","55-64 years","55-64","2019","2019",Suppressed,117498,Suppressed
,"South Dakota","46","55-64 years","55-64","2020","2020",Suppressed,116901,Suppressed
,"South Dakota","46","55-64 years","55-64","2021","2021",Suppressed,115997,Suppressed
,"South Dakota","46","55-64 years","55-64","2022","2022",Suppressed,114831,Suppressed
,"South Dakota","46","55-64 years","55-64","2023","2023",Suppressed,113409,Suppressed
,"South Dakota","46","55-64 years","55-64","2024 (provisional)","2024",Suppressed,113409,Suppressed
,"South Dakota","46","55-64 years","55-64","2025 (provisional and partial)","2025",Suppressed,113409,Suppressed
,"South Dakota","46","65-74 years","65-74","2018","2018",Suppressed,85050,Suppressed
,"South Dakota","46","65-74 years","65-74","2019","2019",Suppressed,89216,Suppressed
,"South Dakota","46","65-74 years","65-74","2020","2020",Suppressed,94041,Suppressed
,"South Dakota","46","65-74 years","65-74","2021","2021",Suppressed,97689,Suppressed
,"South Dakota","46","65-74 years","65-74","2022","2022",Suppressed,99880,Suppressed
,"South Dakota","46","65-74 years","65-74","2023","2023",Suppressed,103464,Suppressed
,"South Dakota","46","65-74 years","65-74","2024 (provisional)","2024",Suppressed,103464,Suppressed
,"South Dakota","46","65-74 years","65-74","2025 (provisional and partial)","2025",Suppressed,103464,Suppressed
,"South Dakota","46","75-84 years","75-84","2018","2018",Suppressed,40813,Suppressed
,"South Dakota","46","75-84 years","75-84","2019","2019",Suppressed,41670,Suppressed
,"South Dakota","46","75-84 years","75-84","2020","2020",Suppressed,42280,Suppressed
,"South Dakota","46","75-84 years","75-84","2021","2021",Suppressed,40563,Suppressed
,"South Dakota","46","75-84 years","75-84","2022","2022",Suppressed,44134,Suppressed
,"South Dakota","46","75-84 years","75-84","2023","2023",Suppressed,46632,Suppressed
,"South Dakota","46","75-84 years","75-84","2024 (provisional)","2024",11,46632,Unreliable
,"South Dakota","46","75-84 years","75-84","2025 (provisional and partial)","2025",Suppressed,46632,Suppressed
,"South Dakota","46","85+ years","85+","2018","2018",Suppressed,20991,Suppressed
,"South Dakota","46","85+ years","85+","2019","2019",Suppressed,20985,Suppressed
,"South Dakota","46","85+ years","85+","2020","2020",Suppressed,20856,Suppressed
,"South Dakota","46","85+ years","85+","2021","2021",Suppressed,18166,Suppressed
,"South Dakota","46","85+ years","85+","2022","2022",Suppressed,19803,Suppressed
,"South Dakota","46","85+ years","85+","2023","2023",Suppressed,18741,Suppressed
,"South Dakota","46","85+ years","85+","2024 (provisional)","2024",Suppressed,18741,Suppressed
,"South Dakota","46","85+ years","85+","2025 (provisional and partial)","2025",Suppressed,18741,Suppressed
,"South Dakota","46","Not Stated","NS","2018","2018",0,Not Applicable,Not Applicable
,"South Dakota","46","Not Stated","NS","2019","2019",0,Not Applicable,Not Applicable
,"South Dakota","46","Not Stated","NS","2020","2020",0,Not Applicable,Not Applicable
,"South Dakota","46","Not Stated","NS","2021","2021",0,Not Applicable,Not Applicable
,"South Dakota","46","Not Stated","NS","2022","2022",0,Not Applicable,Not Applicable
,"South Dakota","46","Not Stated","NS","2023","2023",0,Not Applicable,Not Applicable
,"South Dakota","46","Not Stated","NS","2024 (provisional)","2024",0,Not Applicable,Not Applicable
,"South Dakota","46","Not Stated","NS","2025 (provisional and partial)","2025",0,Not Applicable,Not Applicable
,"Utah","49","< 1 year","1","2018","2018",0,50160,Unreliable
,"Utah","49","< 1 year","1","2019","2019",0,48566,Unreliable
,"Utah","49","< 1 year","1","2020","2020",0,47431,Unreliable
,"Utah","49","< 1 year","1","2021","2021",0,44946,Unreliable
,"Utah","49","< 1 year","1","2022","2022",0,46679,Unreliable
,"Utah","49","< 1 year","1","2023","2023",0,45759,Unreliable
,"Utah","49","< 1 year","1","2024 (provisional)","2024",0,45759,Unreliable
,"Utah","49","< 1 year","1","2025 (provisional and partial)","2025",0,45759,Unreliable
,"Utah","49","1-4 years","1-4","2018","2018",0,202844,Unreliable
,"Utah","49","1-4 years","1-4","2019","2019",0,199237,Unreliable
,"Utah","49","1-4 years","1-4","2020","2020",0,194302,Unreliable
,"Utah","49","1-4 years","1-4","2021","2021",0,192288,Unreliable
,"Utah","49","1-4 years","1-4","2022","2022",0,186395,Unreliable
,"Utah","49","1-4 years","1-4","2023","2023",0,185536,Unreliable
,"Utah","49","1-4 years","1-4","2024 (provisional)","2024",0,185536,Unreliable
,"Utah","49","1-4 years","1-4","2025 (provisional and partial)","2025",0,185536,Unreliable
,"Utah","49","5-14 years","5-14","2018","2018",0,525877,Unreliable
,"Utah","49","5-14 years","5-14","2019","2019",0,526961,Unreliable
,"Utah","49","5-14 years","5-14","2020","2020",0,527872,Unreliable
,"Utah","49","5-14 years","5-14","2021","2021",0,541749,Unreliable
,"Utah","49","5-14 years","5-14","2022","2022",0,529128,Unreliable
,"Utah","49","5-14 years","5-14","2023","2023",0,526841,Unreliable
,"Utah","49","5-14 years","5-14","2024 (provisional)","2024",0,526841,Unreliable
,"Utah","49","5-14 years","5-14","2025 (provisional and partial)","2025",0,526841,Unreliable
,"Utah","49","15-24 years","15-24","2018","2018",0,509891,Unreliable
,"Utah","49","15-24 years","15-24","2019","2019",0,518499,Unreliable
,"Utah","49","15-24 years","15-24","2020","2020",0,527019,Unreliable
,"Utah","49","15-24 years","15-24","2021","2021",0,547422,Unreliable
,"Utah","49","15-24 years","15-24","2022","2022",0,573297,Unreliable
,"Utah","49","15-24 years","15-24","2023","2023",Suppressed,574850,Suppressed
,"Utah","49","15-24 years","15-24","2024 (provisional)","2024",0,574850,Unreliable
,"Utah","49","15-24 years","15-24","2025 (provisional and partial)","2025",0,574850,Unreliable
,"Utah","49","25-34 years","25-34","2018","2018",Suppressed,464908,Suppressed
,"Utah","49","25-34 years","25-34","2019","2019",Suppressed,471806,Suppressed
,"Utah","49","25-34 years","25-34","2020","2020",Suppressed,479576,Suppressed
,"Utah","49","25-34 years","25-34","2021","2021",Suppressed,488688,Suppressed
,"Utah","49","25-34 years","25-34","2022","2022",Suppressed,498913,Suppressed
,"Utah","49","25-34 years","25-34","2023","2023",Suppressed,508841,Suppressed
,"Utah","49","25-34 years","25-34","2024 (provisional)","2024",Suppressed,508841,Suppressed
,"Utah","49","25-34 years","25-34","2025 (provisional and partial)","2025",Suppressed,508841,Suppressed
,"Utah","49","35-44 years","35-44","2018","2018",Suppressed,434614,Suppressed
,"Utah","49","35-44 years","35-44","2019","2019",Suppressed,443453,Suppressed
,"Utah","49","35-44 years","35-44","2020","2020",Suppressed,450609,Suppressed
,"Utah","49","35-44 years","35-44","2021","2021",Suppressed,465708,Suppressed
,"Utah","49","35-44 years","35-44","2022","2022",Suppressed,463662,Suppressed
,"Utah","49","35-44 years","35-44","2023","2023",Suppressed,464839,Suppressed
,"Utah","49","35-44 years","35-44","2024 (provisional)","2024",Suppressed,464839,Suppressed
,"Utah","49","35-44 years","35-44","2025 (provisional and partial)","2025",Suppressed,464839,Suppressed
,"Utah","49","45-54 years","45-54","2018","2018",Suppressed,322173,Suppressed
,"Utah","49","45-54 years","45-54","2019","2019",Suppressed,328430,Suppressed
,"Utah","49","45-54 years","45-54","2020","2020",Suppressed,337383,Suppressed
,"Utah","49","45-54 years","45-54","2021","2021",Suppressed,357038,Suppressed
,"Utah","49","45-54 years","45-54","2022","2022",Suppressed,369405,Suppressed
,"Utah","49","45-54 years","45-54","2023","2023",Suppressed,384920,Suppressed
,"Utah","49","45-54 years","45-54","2024 (provisional)","2024",Suppressed,384920,Suppressed
,"Utah","49","45-54 years","45-54","2025 (provisional and partial)","2025",Suppressed,384920,Suppressed
,"Utah","49","55-64 years","55-64","2018","2018",13,300160,Unreliable
,"Utah","49","55-64 years","55-64","2019","2019",Suppressed,303134,Suppressed
,"Utah","49","55-64 years","55-64","2020","2020",Suppressed,304094,Suppressed
,"Utah","49","55-64 years","55-64","2021","2021",Suppressed,310988,Suppressed
,"Utah","49","55-64 years","55-64","2022","2022",Suppressed,308121,Suppressed
,"Utah","49","55-64 years","55-64","2023","2023",Suppressed,309012,Suppressed
,"Utah","49","55-64 years","55-64","2024 (provisional)","2024",11,309012,Unreliable
,"Utah","49","55-64 years","55-64","2025 (provisional and partial)","2025",Suppressed,309012,Suppressed
,"Utah","49","65-74 years","65-74","2018","2018",14,209871,Unreliable
,"Utah","49","65-74 years","65-74","2019","2019",18,219466,Unreliable
,"Utah","49","65-74 years","65-74","2020","2020",Suppressed,230052,Suppressed
,"Utah","49","65-74 years","65-74","2021","2021",16,242367,Unreliable
,"Utah","49","65-74 years","65-74","2022","2022",15,245876,Unreliable
,"Utah","49","65-74 years","65-74","2023","2023",14,253707,Unreliable
,"Utah","49","65-74 years","65-74","2024 (provisional)","2024",18,253707,Unreliable
,"Utah","49","65-74 years","65-74","2025 (provisional and partial)","2025",10,253707,Unreliable
,"Utah","49","75-84 years","75-84","2018","2018",13,102831,Unreliable
,"Utah","49","75-84 years","75-84","2019","2019",19,107832,Unreliable
,"Utah","49","75-84 years","75-84","2020","2020",19,112018,Unreliable
,"Utah","49","75-84 years","75-84","2021","2021",16,111129,Unreliable
,"Utah","49","75-84 years","75-84","2022","2022",13,120492,Unreliable
,"Utah","49","75-84 years","75-84","2023","2023",13,126794,Unreliable
,"Utah","49","75-84 years","75-84","2024 (provisional)","2024",12,126794,Unreliable
,"Utah","49","75-84 years","75-84","2025 (provisional and partial)","2025",Suppressed,126794,Suppressed
,"Utah","49","85+ years","85+","2018","2018",Suppressed,37776,Suppressed
,"Utah","49","85+ years","85+","2019","2019",Suppressed,38574,Suppressed
,"Utah","49","85+ years","85+","2020","2020",Suppressed,39523,Suppressed
,"Utah","49","85+ years","85+","2021","2021",Suppressed,35652,Suppressed
,"Utah","49","85+ years","85+","2022","2022",Suppressed,38832,Suppressed
,"Utah","49","85+ years","85+","2023","2023",Suppressed,36635,Suppressed
,"Utah","49","85+ years","85+","2024 (provisional)","2024",11,36635,Unreliable
,"Utah","49","85+ years","85+","2025 (provisional and partial)","2025",Suppressed,36635,Suppressed
,"Utah","49","Not Stated","NS","2018","2018",0,Not Applicable,Not Applicable
,"Utah","49","Not Stated","NS","2019","2019",0,Not Applicable,Not Applicable
,"Utah","49","Not Stated","NS","2020","2020",0,Not Applicable,Not Applicable
,"Utah","49","Not Stated","NS","2021","2021",0,Not Applicable,Not Applicable
,"Utah","49","Not Stated","NS","2022","2022",0,Not Applicable,Not Applicable
,"Utah","49","Not Stated","NS","2023","2023",0,Not Applicable,Not Applicable
,"Utah","49","Not Stated","NS","2024 (provisional)","2024",0,Not Applicable,Not Applicable
,"Utah","49","Not Stated","NS","2025 (provisional and partial)","2025",0,Not Applicable,Not Applicable
,"Vermont","50","< 1 year","1","2018","2018",0,5632,Unreliable
,"Vermont","50","< 1 year","1","2019","2019",0,5579,Unreliable
,"Vermont","50","< 1 year","1","2020","2020",0,5330,Unreliable
,"Vermont","50","< 1 year","1","2021","2021",0,5073,Unreliable
,"Vermont","50","< 1 year","1","2022","2022",0,5364,Unreliable
,"Vermont","50","< 1 year","1","2023","2023",0,5112,Unreliable
,"Vermont","50","< 1 year","1","2024 (provisional)","2024",0,5112,Unreliable
,"Vermont","50","< 1 year","1","2025 (provisional and partial)","2025",0,5112,Unreliable
,"Vermont","50","1-4 years","1-4","2018","2018",0,24049,Unreliable
,"Vermont","50","1-4 years","1-4","2019","2019",0,23464,Unreliable
,"Vermont","50","1-4 years","1-4","2020","2020",0,22928,Unreliable
,"Vermont","50","1-4 years","1-4","2021","2021",0,23176,Unreliable
,"Vermont","50","1-4 years","1-4","2022","2022",0,22230,Unreliable
,"Vermont","50","1-4 years","1-4","2023","2023",0,22236,Unreliable
,"Vermont","50","1-4 years","1-4","2024 (provisional)","2024",0,22236,Unreliable
,"Vermont","50","1-4 years","1-4","2025 (provisional and partial)","2025",0,22236,Unreliable
,"Vermont","50","5-14 years","5-14","2018","2018",0,65033,Unreliable
,"Vermont","50","5-14 years","5-14","2019","2019",0,64156,Unreliable
,"Vermont","50","5-14 years","5-14","2020","2020",0,64065,Unreliable
,"Vermont","50","5-14 years","5-14","2021","2021",0,66803,Unreliable
,"Vermont","50","5-14 years","5-14","2022","2022",0,65381,Unreliable
,"Vermont","50","5-14 years","5-14","2023","2023",0,65200,Unreliable
,"Vermont","50","5-14 years","5-14","2024 (provisional)","2024",0,65200,Unreliable
,"Vermont","50","5-14 years","5-14","2025 (provisional and partial)","2025",0,65200,Unreliable
,"Vermont","50","15-24 years","15-24","2018","2018",0,88478,Unreliable
,"Vermont","50","15-24 years","15-24","2019","2019",0,86646,Unreliable
,"Vermont","50","15-24 years","15-24","2020","2020",0,85387,Unreliable
,"Vermont","50","15-24 years","15-24","2021","2021",0,88118,Unreliable
,"Vermont","50","15-24 years","15-24","2022","2022",0,87463,Unreliable
,"Vermont","50","15-24 years","15-24","2023","2023",0,85603,Unreliable
,"Vermont","50","15-24 years","15-24","2024 (provisional)","2024",Suppressed,85603,Suppressed
,"Vermont","50","15-24 years","15-24","2025 (provisional and partial)","2025",0,85603,Unreliable
,"Vermont","50","25-34 years","25-34","2018","2018",0,74091,Unreliable
,"Vermont","50","25-34 years","25-34","2019","2019",0,74408,Unreliable
,"Vermont","50","25-34 years","25-34","2020","2020",Suppressed,75290,Suppressed
,"Vermont","50","25-34 years","25-34","2021","2021",0,77659,Unreliable
,"Vermont","50","25-34 years","25-34","2022","2022",0,77521,Unreliable
,"Vermont","50","25-34 years","25-34","2023","2023",0,77192,Unreliable
,"Vermont","50","25-34 years","25-34","2024 (provisional)","2024",0,77192,Unreliable
,"Vermont","50","25-34 years","25-34","2025 (provisional and partial)","2025",0,77192,Unreliable
,"Vermont","50","35-44 years","35-44","2018","2018",Suppressed,70601,Suppressed
,"Vermont","50","35-44 years","35-44","2019","2019",Suppressed,71267,Suppressed
,"Vermont","50","35-44 years","35-44","2020","2020",Suppressed,72258,Suppressed
,"Vermont","50","35-44 years","35-44","2021","2021",Suppressed,77582,Suppressed
,"Vermont","50","35-44 years","35-44","2022","2022",Suppressed,79179,Suppressed
,"Vermont","50","35-44 years","35-44","2023","2023",0,80817,Unreliable
,"Vermont","50","35-44 years","35-44","2024 (provisional)","2024",Suppressed,80817,Suppressed
,"Vermont","50","35-44 years","35-44","2025 (provisional and partial)","2025",Suppressed,80817,Suppressed
,"Vermont","50","45-54 years","45-54","2018","2018",Suppressed,80719,Suppressed
,"Vermont","50","45-54 years","45-54","2019","2019",Suppressed,78051,Suppressed
,"Vermont","50","45-54 years","45-54","2020","2020",Suppressed,75804,Suppressed
,"Vermont","50","45-54 years","45-54","2021","2021",Suppressed,77722,Suppressed
,"Vermont","50","45-54 years","45-54","2022","2022",Suppressed,76758,Suppressed
,"Vermont","50","45-54 years","45-54","2023","2023",Suppressed,76367,Suppressed
,"Vermont","50","45-54 years","45-54","2024 (provisional)","2024",Suppressed,76367,Suppressed
,"Vermont","50","45-54 years","45-54","2025 (provisional and partial)","2025",Suppressed,76367,Suppressed
,"Vermont","50","55-64 years","55-64","2018","2018",Suppressed,96489,Suppressed
,"Vermont","50","55-64 years","55-64","2019","2019",Suppressed,95379,Suppressed
,"Vermont","50","55-64 years","55-64","2020","2020",Suppressed,93691,Suppressed
,"Vermont","50","55-64 years","55-64","2021","2021",Suppressed,96179,Suppressed
,"Vermont","50","55-64 years","55-64","2022","2022",Suppressed,93717,Suppressed
,"Vermont","50","55-64 years","55-64","2023","2023",Suppressed,91814,Suppressed
,"Vermont","50","55-64 years","55-64","2024 (provisional)","2024",Suppressed,91814,Suppressed
,"Vermont","50","55-64 years","55-64","2025 (provisional and partial)","2025",Suppressed,91814,Suppressed
,"Vermont","50","65-74 years","65-74","2018","2018",Suppressed,72893,Suppressed
,"Vermont","50","65-74 years","65-74","2019","2019",Suppressed,75206,Suppressed
,"Vermont","50","65-74 years","65-74","2020","2020",Suppressed,77613,Suppressed
,"Vermont","50","65-74 years","65-74","2021","2021",Suppressed,82540,Suppressed
,"Vermont","50","65-74 years","65-74","2022","2022",Suppressed,83482,Suppressed
,"Vermont","50","65-74 years","65-74","2023","2023",11,85541,Unreliable
,"Vermont","50","65-74 years","65-74","2024 (provisional)","2024",11,85541,Unreliable
,"Vermont","50","65-74 years","65-74","2025 (provisional and partial)","2025",Suppressed,85541,Suppressed
,"Vermont","50","75-84 years","75-84","2018","2018",Suppressed,33893,Suppressed
,"Vermont","50","75-84 years","75-84","2019","2019",Suppressed,35396,Suppressed
,"Vermont","50","75-84 years","75-84","2020","2020",Suppressed,36624,Suppressed
,"Vermont","50","75-84 years","75-84","2021","2021",Suppressed,37555,Suppressed
,"Vermont","50","75-84 years","75-84","2022","2022",Suppressed,41532,Suppressed
,"Vermont","50","75-84 years","75-84","2023","2023",Suppressed,44105,Suppressed
,"Vermont","50","75-84 years","75-84","2024 (provisional)","2024",Suppressed,44105,Suppressed
,"Vermont","50","75-84 years","75-84","2025 (provisional and partial)","2025",Suppressed,44105,Suppressed
,"Vermont","50","85+ years","85+","2018","2018",Suppressed,14421,Suppressed
,"Vermont","50","85+ years","85+","2019","2019",Suppressed,14437,Suppressed
,"Vermont","50","85+ years","85+","2020","2020",0,14357,Unreliable
,"Vermont","50","85+ years","85+","2021","2021",Suppressed,13163,Suppressed
,"Vermont","50","85+ years","85+","2022","2022",Suppressed,14437,Suppressed
,"Vermont","50","85+ years","85+","2023","2023",Suppressed,13477,Suppressed
,"Vermont","50","85+ years","85+","2024 (provisional)","2024",Suppressed,13477,Suppressed
,"Vermont","50","85+ years","85+","2025 (provisional and partial)","2025",Suppressed,13477,Suppressed
,"Vermont","50","Not Stated","NS","2018","2018",0,Not Applicable,Not Applicable
,"Vermont","50","Not Stated","NS","2019","2019",0,Not Applicable,Not Applicable
,"Vermont","50","Not Stated","NS","2020","2020",0,Not Applicable,Not Applicable
,"Vermont","50","Not Stated","NS","2021","2021",0,Not Applicable,Not Applicable
,"Vermont","50","Not Stated","NS","2022","2022",0,Not Applicable,Not Applicable
,"Vermont","50","Not Stated","NS","2023","2023",0,Not Applicable,Not Applicable
,"Vermont","50","Not Stated","NS","2024 (provisional)","2024",0,Not Applicable,Not Applicable
,"Vermont","50","Not Stated","NS","2025 (provisional and partial)","2025",0,Not Applicable,Not Applicable
,"Wisconsin","55","< 1 year","1","2018","2018",0,64588,Unreliable
,"Wisconsin","55","< 1 year","1","2019","2019",0,63366,Unreliable
,"Wisconsin","55","< 1 year","1","2020","2020",0,62759,Unreliable
,"Wisconsin","55","< 1 year","1","2021","2021",0,59985,Unreliable
,"Wisconsin","55","< 1 year","1","2022","2022",0,61278,Unreliable
,"Wisconsin","55","< 1 year","1","2023","2023",0,59547,Unreliable
,"Wisconsin","55","< 1 year","1","2024 (provisional)","2024",0,59547,Unreliable
,"Wisconsin","55","< 1 year","1","2025 (provisional and partial)","2025",0,59547,Unreliable
,"Wisconsin","55","1-4 years","1-4","2018","2018",0,269794,Unreliable
,"Wisconsin","55","1-4 years","1-4","2019","2019",0,267130,Unreliable
,"Wisconsin","55","1-4 years","1-4","2020","2020",0,263520,Unreliable
,"Wisconsin","55","1-4 years","1-4","2021","2021",0,260260,Unreliable
,"Wisconsin","55","1-4 years","1-4","2022","2022",0,251344,Unreliable
,"Wisconsin","55","1-4 years","1-4","2023","2023",0,250827,Unreliable
,"Wisconsin","55","1-4 years","1-4","2024 (provisional)","2024",0,250827,Unreliable
,"Wisconsin","55","1-4 years","1-4","2025 (provisional and partial)","2025",0,250827,Unreliable
,"Wisconsin","55","5-14 years","5-14","2018","2018",0,719147,Unreliable
,"Wisconsin","55","5-14 years","5-14","2019","2019",0,714031,Unreliable
,"Wisconsin","55","5-14 years","5-14","2020","2020",0,709909,Unreliable
,"Wisconsin","55","5-14 years","5-14","2021","2021",0,723375,Unreliable
,"Wisconsin","55","5-14 years","5-14","2022","2022",0,703205,Unreliable
,"Wisconsin","55","5-14 years","5-14","2023","2023",0,703639,Unreliable
,"Wisconsin","55","5-14 years","5-14","2024 (provisional)","2024",0,703639,Unreliable
,"Wisconsin","55","5-14 years","5-14","2025 (provisional and partial)","2025",0,703639,Unreliable
,"Wisconsin","55","15-24 years","15-24","2018","2018",0,774339,Unreliable
,"Wisconsin","55","15-24 years","15-24","2019","2019",Suppressed,768140,Suppressed
,"Wisconsin","55","15-24 years","15-24","2020","2020",0,766821,Unreliable
,"Wisconsin","55","15-24 years","15-24","2021","2021",0,780873,Unreliable
,"Wisconsin","55","15-24 years","15-24","2022","2022",0,795400,Unreliable
,"Wisconsin","55","15-24 years","15-24","2023","2023",Suppressed,787515,Suppressed
,"Wisconsin","55","15-24 years","15-24","2024 (provisional)","2024",0,787515,Unreliable
,"Wisconsin","55","15-24 years","15-24","2025 (provisional and partial)","2025",0,787515,Unreliable
,"Wisconsin","55","25-34 years","25-34","2018","2018",Suppressed,737377,Suppressed
,"Wisconsin","55","25-34 years","25-34","2019","2019",Suppressed,741222,Suppressed
,"Wisconsin","55","25-34 years","25-34","2020","2020",Suppressed,740977,Suppressed
,"Wisconsin","55","25-34 years","25-34","2021","2021",Suppressed,737557,Suppressed
,"Wisconsin","55","25-34 years","25-34","2022","2022",Suppressed,733535,Suppressed
,"Wisconsin","55","25-34 years","25-34","2023","2023",0,739843,Unreliable
,"Wisconsin","55","25-34 years","25-34","2024 (provisional)","2024",Suppressed,739843,Suppressed
,"Wisconsin","55","25-34 years","25-34","2025 (provisional and partial)","2025",0,739843,Unreliable
,"Wisconsin","55","35-44 years","35-44","2018","2018",Suppressed,704716,Suppressed
,"Wisconsin","55","35-44 years","35-44","2019","2019",Suppressed,713075,Suppressed
,"Wisconsin","55","35-44 years","35-44","2020","2020",Suppressed,722021,Suppressed
,"Wisconsin","55","35-44 years","35-44","2021","2021",Suppressed,745882,Suppressed
,"Wisconsin","55","35-44 years","35-44","2022","2022",Suppressed,743390,Suppressed
,"Wisconsin","55","35-44 years","35-44","2023","2023",Suppressed,749317,Suppressed
,"Wisconsin","55","35-44 years","35-44","2024 (provisional)","2024",10,749317,Unreliable
,"Wisconsin","55","35-44 years","35-44","2025 (provisional and partial)","2025",Suppressed,749317,Suppressed
,"Wisconsin","55","45-54 years","45-54","2018","2018",13,737557,Unreliable
,"Wisconsin","55","45-54 years","45-54","2019","2019",14,715209,Unreliable
,"Wisconsin","55","45-54 years","45-54","2020","2020",19,698860,Unreliable
,"Wisconsin","55","45-54 years","45-54","2021","2021",10,701162,Unreliable
,"Wisconsin","55","45-54 years","45-54","2022","2022",15,689605,Unreliable
,"Wisconsin","55","45-54 years","45-54","2023","2023",16,688762,Unreliable
,"Wisconsin","55","45-54 years","45-54","2024 (provisional)","2024",19,688762,Unreliable
,"Wisconsin","55","45-54 years","45-54","2025 (provisional and partial)","2025",Suppressed,688762,Suppressed
,"Wisconsin","55","55-64 years","55-64","2018","2018",33,820577,4.022
,"Wisconsin","55","55-64 years","55-64","2019","2019",38,823018,4.617
,"Wisconsin","55","55-64 years","55-64","2020","2020",33,819853,4.025
,"Wisconsin","55","55-64 years","55-64","2021","2021",32,829571,3.857
,"Wisconsin","55","55-64 years","55-64","2022","2022",26,812663,3.199
,"Wisconsin","55","55-64 years","55-64","2023","2023",26,801703,3.243
,"Wisconsin","55","55-64 years","55-64","2024 (provisional)","2024",34,801703,4.241
,"Wisconsin","55","55-64 years","55-64","2025 (provisional and partial)","2025",15,801703,Unreliable
,"Wisconsin","55","65-74 years","65-74","2018","2018",43,571623,7.522
,"Wisconsin","55","65-74 years","65-74","2019","2019",52,594748,8.743
,"Wisconsin","55","65-74 years","65-74","2020","2020",57,620424,9.187
,"Wisconsin","55","65-74 years","65-74","2021","2021",41,649145,6.316
,"Wisconsin","55","65-74 years","65-74","2022","2022",57,658626,8.654
,"Wisconsin","55","65-74 years","65-74","2023","2023",56,680227,8.233
,"Wisconsin","55","65-74 years","65-74","2024 (provisional)","2024",41,680227,6.027
,"Wisconsin","55","65-74 years","65-74","2025 (provisional and partial)","2025",27,680227,3.969
,"Wisconsin","55","75-84 years","75-84","2018","2018",50,285214,17.531
,"Wisconsin","55","75-84 years","75-84","2019","2019",49,294186,16.656
,"Wisconsin","55","75-84 years","75-84","2020","2020",47,300842,15.623
,"Wisconsin","55","75-84 years","75-84","2021","2021",54,295589,18.269
,"Wisconsin","55","75-84 years","75-84","2022","2022",37,321034,11.525
,"Wisconsin","55","75-84 years","75-84","2023","2023",43,335542,12.815
,"Wisconsin","55","75-84 years","75-84","2024 (provisional)","2024",36,335542,10.729
,"Wisconsin","55","75-84 years","75-84","2025 (provisional and partial)","2025",12,335542,Unreliable
,"Wisconsin","55","85+ years","85+","2018","2018",21,128636,16.325
,"Wisconsin","55","85+ years","85+","2019","2019",29,128309,22.602
,"Wisconsin","55","85+ years","85+","2020","2020",29,126669,22.894
,"Wisconsin","55","85+ years","85+","2021","2021",22,112509,19.554
,"Wisconsin","55","85+ years","85+","2022","2022",28,122459,22.865
,"Wisconsin","55","85+ years","85+","2023","2023",25,114033,21.923
,"Wisconsin","55","85+ years","85+","2024 (provisional)","2024",23,114033,20.170
,"Wisconsin","55","85+ years","85+","2025 (provisional and partial)","2025",12,114033,Unreliable
,"Wisconsin","55","Not Stated","NS","2018","2018",0,Not Applicable,Not Applicable
,"Wisconsin","55","Not Stated","NS","2019","2019",0,Not Applicable,Not Applicable
,"Wisconsin","55","Not Stated","NS","2020","2020",0,Not Applicable,Not Applicable
,"Wisconsin","55","Not Stated","NS","2021","2021",0,Not Applicable,Not Applicable
,"Wisconsin","55","Not Stated","NS","2022","2022",0,Not Applicable,Not Applicable
,"Wisconsin","55","Not Stated","NS","2023","2023",0,Not Applicable,Not Applicable
,"Wisconsin","55","Not Stated","NS","2024 (provisional)","2024",0,Not Applicable,Not Applicable
,"Wisconsin","55","Not Stated","NS","2025 (provisional and partial)","2025",0,Not Applicable,Not Applicable
,"Wyoming","56","< 1 year","1","2018","2018",0,6823,Unreliable
,"Wyoming","56","< 1 year","1","2019","2019",0,6572,Unreliable
,"Wyoming","56","< 1 year","1","2020","2020",0,6323,Unreliable
,"Wyoming","56","< 1 year","1","2021","2021",0,6156,Unreliable
,"Wyoming","56","< 1 year","1","2022","2022",0,6145,Unreliable
,"Wyoming","56","< 1 year","1","2023","2023",0,5847,Unreliable
,"Wyoming","56","< 1 year","1","2024 (provisional)","2024",0,5847,Unreliable
,"Wyoming","56","< 1 year","1","2025 (provisional and partial)","2025",0,5847,Unreliable
,"Wyoming","56","1-4 years","1-4","2018","2018",0,29089,Unreliable
,"Wyoming","56","1-4 years","1-4","2019","2019",0,28359,Unreliable
,"Wyoming","56","1-4 years","1-4","2020","2020",0,27462,Unreliable
,"Wyoming","56","1-4 years","1-4","2021","2021",0,26135,Unreliable
,"Wyoming","56","1-4 years","1-4","2022","2022",0,25195,Unreliable
,"Wyoming","56","1-4 years","1-4","2023","2023",0,24938,Unreliable
,"Wyoming","56","1-4 years","1-4","2024 (provisional)","2024",0,24938,Unreliable
,"Wyoming","56","1-4 years","1-4","2025 (provisional and partial)","2025",0,24938,Unreliable
,"Wyoming","56","5-14 years","5-14","2018","2018",0,76951,Unreliable
,"Wyoming","56","5-14 years","5-14","2019","2019",0,76734,Unreliable
,"Wyoming","56","5-14 years","5-14","2020","2020",0,76587,Unreliable
,"Wyoming","56","5-14 years","5-14","2021","2021",0,76438,Unreliable
,"Wyoming","56","5-14 years","5-14","2022","2022",0,74609,Unreliable
,"Wyoming","56","5-14 years","5-14","2023","2023",0,73850,Unreliable
,"Wyoming","56","5-14 years","5-14","2024 (provisional)","2024",0,73850,Unreliable
,"Wyoming","56","5-14 years","5-14","2025 (provisional and partial)","2025",0,73850,Unreliable
,"Wyoming","56","15-24 years","15-24","2018","2018",0,74279,Unreliable
,"Wyoming","56","15-24 years","15-24","2019","2019",0,74590,Unreliable
,"Wyoming","56","15-24 years","15-24","2020","2020",0,75297,Unreliable
,"Wyoming","56","15-24 years","15-24","2021","2021",0,75876,Unreliable
,"Wyoming","56","15-24 years","15-24","2022","2022",0,78472,Unreliable
,"Wyoming","56","15-24 years","15-24","2023","2023",0,78353,Unreliable
,"Wyoming","56","15-24 years","15-24","2024 (provisional)","2024",0,78353,Unreliable
,"Wyoming","56","15-24 years","15-24","2025 (provisional and partial)","2025",0,78353,Unreliable
,"Wyoming","56","25-34 years","25-34","2018","2018",0,77778,Unreliable
,"Wyoming","56","25-34 years","25-34","2019","2019",0,76433,Unreliable
,"Wyoming","56","25-34 years","25-34","2020","2020",Suppressed,76106,Suppressed
,"Wyoming","56","25-34 years","25-34","2021","2021",0,73566,Unreliable
,"Wyoming","56","25-34 years","25-34","2022","2022",0,73048,Unreliable
,"Wyoming","56","25-34 years","25-34","2023","2023",0,72813,Unreliable
,"Wyoming","56","25-34 years","25-34","2024 (provisional)","2024",0,72813,Unreliable
,"Wyoming","56","25-34 years","25-34","2025 (provisional and partial)","2025",0,72813,Unreliable
,"Wyoming","56","35-44 years","35-44","2018","2018",0,72713,Unreliable
,"Wyoming","56","35-44 years","35-44","2019","2019",0,74285,Unreliable
,"Wyoming","56","35-44 years","35-44","2020","2020",0,75526,Unreliable
,"Wyoming","56","35-44 years","35-44","2021","2021",0,76932,Unreliable
,"Wyoming","56","35-44 years","35-44","2022","2022",0,77642,Unreliable
,"Wyoming","56","35-44 years","35-44","2023","2023",0,78363,Unreliable
,"Wyoming","56","35-44 years","35-44","2024 (provisional)","2024",0,78363,Unreliable
,"Wyoming","56","35-44 years","35-44","2025 (provisional and partial)","2025",0,78363,Unreliable
,"Wyoming","56","45-54 years","45-54","2018","2018",Suppressed,64880,Suppressed
,"Wyoming","56","45-54 years","45-54","2019","2019",Suppressed,63853,Suppressed
,"Wyoming","56","45-54 years","45-54","2020","2020",0,63937,Unreliable
,"Wyoming","56","45-54 years","45-54","2021","2021",Suppressed,64355,Suppressed
,"Wyoming","56","45-54 years","45-54","2022","2022",0,65188,Unreliable
,"Wyoming","56","45-54 years","45-54","2023","2023",0,66440,Unreliable
,"Wyoming","56","45-54 years","45-54","2024 (provisional)","2024",Suppressed,66440,Suppressed
,"Wyoming","56","45-54 years","45-54","2025 (provisional and partial)","2025",0,66440,Unreliable
,"Wyoming","56","55-64 years","55-64","2018","2018",Suppressed,79849,Suppressed
,"Wyoming","56","55-64 years","55-64","2019","2019",Suppressed,78754,Suppressed
,"Wyoming","56","55-64 years","55-64","2020","2020",Suppressed,77314,Suppressed
,"Wyoming","56","55-64 years","55-64","2021","2021",Suppressed,75468,Suppressed
,"Wyoming","56","55-64 years","55-64","2022","2022",Suppressed,73023,Suppressed
,"Wyoming","56","55-64 years","55-64","2023","2023",Suppressed,71588,Suppressed
,"Wyoming","56","55-64 years","55-64","2024 (provisional)","2024",Suppressed,71588,Suppressed
,"Wyoming","56","55-64 years","55-64","2025 (provisional and partial)","2025",Suppressed,71588,Suppressed
,"Wyoming","56","65-74 years","65-74","2018","2018",Suppressed,58168,Suppressed
,"Wyoming","56","65-74 years","65-74","2019","2019",Suppressed,60590,Suppressed
,"Wyoming","56","65-74 years","65-74","2020","2020",Suppressed,63814,Suppressed
,"Wyoming","56","65-74 years","65-74","2021","2021",Suppressed,65986,Suppressed
,"Wyoming","56","65-74 years","65-74","2022","2022",Suppressed,67060,Suppressed
,"Wyoming","56","65-74 years","65-74","2023","2023",0,69033,Unreliable
,"Wyoming","56","65-74 years","65-74","2024 (provisional)","2024",Suppressed,69033,Suppressed
,"Wyoming","56","65-74 years","65-74","2025 (provisional and partial)","2025",Suppressed,69033,Suppressed
,"Wyoming","56","75-84 years","75-84","2018","2018",Suppressed,26526,Suppressed
,"Wyoming","56","75-84 years","75-84","2019","2019",Suppressed,27598,Suppressed
,"Wyoming","56","75-84 years","75-84","2020","2020",Suppressed,28948,Suppressed
,"Wyoming","56","75-84 years","75-84","2021","2021",Suppressed,28167,Suppressed
,"Wyoming","56","75-84 years","75-84","2022","2022",Suppressed,30594,Suppressed
,"Wyoming","56","75-84 years","75-84","2023","2023",Suppressed,32461,Suppressed
,"Wyoming","56","75-84 years","75-84","2024 (provisional)","2024",Suppressed,32461,Suppressed
,"Wyoming","56","75-84 years","75-84","2025 (provisional and partial)","2025",Suppressed,32461,Suppressed
,"Wyoming","56","85+ years","85+","2018","2018",Suppressed,10681,Suppressed
,"Wyoming","56","85+ years","85+","2019","2019",Suppressed,10991,Suppressed
,"Wyoming","56","85+ years","85+","2020","2020",Suppressed,11014,Suppressed
,"Wyoming","56","85+ years","85+","2021","2021",Suppressed,9724,Suppressed
,"Wyoming","56","85+ years","85+","2022","2022",Suppressed,10405,Suppressed
,"Wyoming","56","85+ years","85+","2023","2023",Suppressed,10371,Suppressed
,"Wyoming","56","85+ years","85+","2024 (provisional)","2024",Suppressed,10371,Suppressed
,"Wyoming","56","85+ years","85+","2025 (provisional and partial)","2025",Suppressed,10371,Suppressed
,"Wyoming","56","Not Stated","NS","2018","2018",0,Not Applicable,Not Applicable
,"Wyoming","56","Not Stated","NS","2019","2019",0,Not Applicable,Not Applicable
,"Wyoming","56","Not Stated","NS","2020","2020",0,Not Applicable,Not Applicable
,"Wyoming","56","Not Stated","NS","2021","2021",0,Not Applicable,Not Applicable
,"Wyoming","56","Not Stated","NS","2022","2022",0,Not Applicable,Not Applicable
,"Wyoming","56","Not Stated","NS","2023","2023",0,Not Applicable,Not Applicable
,"Wyoming","56","Not Stated","NS","2024 (provisional)","2024",0,Not Applicable,Not Applicable
,"Wyoming","56","Not Stated","NS","2025 (provisional and partial)","2025",0,Not Applicable,Not Applicable
"---"
"Dataset: Provisional Mortality Statistics, 2018 through Last Week"
"Query Parameters:"
"Title: StomachCAFBFS"
"Residence States: Arizona (04); Colorado (08); Idaho (16); Iowa (19); Kansas (20); Minnesota (27); Montana (30); Nebraska (31);"
"New Mexico (35); North Dakota (38); Oklahoma (40); South Dakota (46); Utah (49); Vermont (50); Wisconsin (55); Wyoming (56)"
"UCD - ICD-10 Codes: C16.0 (Cardia - Malignant neoplasms); C16.1 (Fundus of stomach - Malignant neoplasms); C16.2 (Body of"
"stomach - Malignant neoplasms); C16.3 (Pyloric antrum - Malignant neoplasms); C16.4 (Pylorus - Malignant neoplasms); C16.5"
"(Lesser curvature of stomach, unspecified - Malignant neoplasms); C16.6 (Greater curvature of stomach, unspecified - Malignant"
"neoplasms); C16.8 (Overlapping lesion of stomach - Malignant neoplasms); C16.9 (Stomach, unspecified - Malignant neoplasms)"
"Group By: Residence State; Ten-Year Age Groups; Year"
"Show Totals: Disabled"
"Show Zero Values: True"
"Show Suppressed: True"
"Calculate Rates Per: 100,000"
"Rate Options: Default intercensal populations for years 2001-2009 (except Infant Age Groups)"
"---"
"Help: See http://wonder.cdc.gov/wonder/help/mcd-provisional.html for more information."
"---"
"Query Date: Aug 6, 2025 11:33:11 AM"
"---"
"Suggested Citation: Centers for Disease Control and Prevention, National Center for Health Statistics. National Vital Statistics"
"System, Provisional Mortality on CDC WONDER Online Database. Data are from the final Multiple Cause of Death Files, 2018-2023,"
"and from provisional data for years 2024 and later, as compiled from data provided by the 57 vital statistics jurisdictions"
"through the Vital Statistics Cooperative Program. Accessed at http://wonder.cdc.gov/mcd-icd10-provisional.html on Aug 6, 2025"
"11:33:11 AM"
"---"
Messages:
"1. Totals are not available for these results due to suppression constraints. More Information:"
"http://wonder.cdc.gov/wonder/help/faq.html#Privacy."
"---"
Caveats:
"1. Data are Suppressed when the data meet the criteria for confidentiality constraints. More information:"
"http://wonder.cdc.gov/wonder/help/mcd-provisional.html#Assurance of Confidentiality."
"2. Death rates are flagged as Unreliable when the rate is calculated with a numerator of 20 or less. More information:"
"http://wonder.cdc.gov/wonder/help/mcd-provisional.html#Unreliable."
"3. Deaths of persons with Age ""Not Stated"" are included in ""All"" counts and rates, but are not distributed among age groups,"
"so are not included in age-specific counts, age-specific rates or in any age-adjusted rates. More information:"
"http://wonder.cdc.gov/wonder/help/mcd-provisional.html#Not Stated."
"4. The population figures for years 2023 and later are single-race estimates of the July 1 resident population, from the Vintage"
"2023 postcensal series released by the Census Bureau on June 27, 2024. The population figures for years 2022 and later are"
"single-race estimates of the July 1 resident population, from the Vintage 2022 postcensal series released by the Census Bureau"
"on June 22, 2023. The 2022 and 2023 series is based on the Modified Blended Base produced by the US Census Bureau in lieu of the"
"April 1, 2020 decennial population count. The Modified Blended Base consists of the blend of Vintage 2020 postcensal population"
"estimates for April 1, 2020, 2020 Demographic Analysis Estimates, and 2020 Census data from the internal Census Edited File"
"(CEF). The population figures for years 2021 are single-race estimates of the July 1 resident population, based on the Blended"
"Base produced by the US Census Bureau in lieu of the April 1, 2020 decennial population count, from the Vintage 2021 postcensal"
"series released by the Census Bureau on June 30, 2022. The population figures for year 2020 are single-race estimates of the"
"July 1 resident population, from the Vintage 2020 postcensal series based on April 2010 Census, released by the Census Bureau on"
"July 27, 2021. The population figures for year 2019 are single-race estimates of the July 1 resident population, from the"
"Vintage 2019 postcensal series based on April 2010 Census, released by the Census Bureau on June 25, 2020. The population"
"figures for year 2018 are single-race estimates of the July 1 resident population, from the Vintage 2018 postcensal series based"
"on April 2010 Census, released by the Census Bureau on June 20, 2019. More information:"
"http://wonder.cdc.gov/wonder/help/mcd-provisional.html#Population Data."
"5. The population figures used in the calculation of death rates for the age group 'under 1 year' are the estimates of the"
"resident population that is under one year of age. More information: http://wonder.cdc.gov/wonder/help/mcd-provisional.html#Age"
"Group."
"6. After the creation of the final 2023 dataset, North Carolina updated the cause of death information for over 900 death"
"certificates to include a cause of death code indicating drug overdose (ICD-10 underlying cause-of-death codes: X40-X44,"
"X60-X64, X85, and Y10-Y14). Jurisdictions can continue to update death certificates after the closing of the mortality file. As"
"a result, users should consider that the actual death count for drug overdose deaths for North Carolina in 2023 is over 4,400"
"deaths, with a crude rate of approximately 41.0 per 100,000 population, and an age-adjusted rate of approximately 42.1 per"
"100,000 population. These deaths will not be updated on the final mortality datasets."
"7. Data for recent deaths occurring in Massachusetts and Michigan are temporarily under reported due to technical difficulties"
"with reporting systems."
"8. Changes to cause of death classification affect reporting trends. More information:"
"http://wonder.cdc.gov/wonder/help/mcd-provisional.html#ICD-10 Changes."
"9. Deaths occurring through July 19, 2025 as of July 27, 2025."